;;;;;;;;;;;;;;;;;;;;;;;;;;;;;;;;;;;;;;;;;;;;;;;;;;;;;;;;;;;;;;;;;;;;;;;;;;;;;;;;;;;;;;;;;;;;;;;;
;;;;;;;;;;;;;;;;;;;;;;;;;;;;;;;;;;;;;;;;;;;;;;;;;;;;;;;;;;;;;;;;;;;;;;;;;;;;;;;;;;;;;;;;;;;;;;;;
;;;;;;;;;;;;;;;;;;;;;;;;;;;;;;;;;;;;;;;;;;;;;;;;;;;;;;;;;;;;;;;;;;;;;;;;;;;;;;;;;;;;;;;;;;;;;;;;
;;;;;;;;;;;;;;;;;;;;;;;;;;;;;;;;;;;;;;;;;;;;;;;;;;;;;;;;;;;;;;;;;;;;;;;;;;;;;;;;;;;;;;;;;;;;;;;;
;;;;;;;;;;;;;;;;;;;;;;;;;;;;;;;;;;;;;;;;;;;;;;;;;;;;;;;;;;;;;;;;;;;;;;;;;;;;;;;;;;;;;;;;;;;;;;;;
;;;;;;;;;;;;;;;;;;;;;;;;;;;;;;;;;;;;;;;;;;;;;;;;;;;;;;;;;;;;;;;;;;;;;;;;;;;;;;;;;;;;;;;;;;;;;;;;
;;;;;;;;;;;;;;;;;;;;;;;;;;;;;;;;;;;;;;;;;;;;;;;;;;;;;;;;;;;;;;;;;;;;;;;;;;;;;;;;;;;;;;;;;;;;;;;;
;;;;;;;;;;;;;;;;;;;;;;;;;;;;;;;;;;;;;;;;;;;;;;;;;;;;;;;;;;;;;;;;;;;;;;;;;;;;;;;;;;;;;;;;;;;;;;;;
;;;;;;;;;;;;;;;;;;;;;;;;;;;;;;;;;;;;;;;;;;;;;;;;;;;;;;;;;;;;;;;;;;;;;;;;;;;;;;;;;;;;;;;;;;;;;;;;
;;;;;;;;;;;;;;;;;;;;;;;;;;;;;;;;;;;;;;;;;;;;;;;;;;;;;;;;;;;;;;;;;;;;;;;;;;;;;;;;;;;;;;;;;;;;;;;;
Tremenda Graça;;Grande é o Senhor;;Indesculpável;;Ele é Exaltado;;Meu Prazer;;Vitorioso És;;Me Atraiu;;Gratidão - FHOP;;Digno é o Senhor - Gabi Sampaio / Carol Braga;;Me ama;;Não Há Amor Igual;;Oh quão lindo esse nome é;;Emaús;;A Ele a glória;;Perdoados;;Graça;;Rei da Glória;;Santo de Israel;;Que Ruja o Leão;;Meia Noite;;Exaltamos Yahweh;;Somente Cristo;;Há Poder;;Canção do Apocalipse;;Bondade de Deus - Isaias Saad;;Bondade de Deus - FHOP;;Digno é o Senhor - Felipe Rodrigues;;Jesus em Tua presença - Morada;;Gratidão - Brandon Lake;;Gratidão - Brandon Lake (Live);;Pra Sempre - Fernandinho;;Pra Sempre - Nivea Soares;;Da Vida, O Melhor - Projeto Sola;;Teu Povo - IPALPHA;;Louve - Lukas Agustinho;;Pai Nosso - Pedras Vivas;;Isaias 6 - Morada;;Filho do Deus Vivo - Nivea Soares;;Unico - FHOP;;É Tudo Sobre Voce - Morada;;Alegria/Sou feliz;;Canção ao Cordeiro;;No Meio dos Louvores - Israel Salazar;;Sublime - FHOP;;;;Glorioso Dia;;Eu Sou Teu;;Atos 2;;Eu Vou Construir
;;;;;;;;;;;;;;;;;;;;;;;;;;;;;;;;;;;;;;;;;;;;;;;;;;;;;;;;;;;;;;;;;;;;;;;;;;;;;;;;;;;;;;;;;;;;;;;;
[HiHat Double] ou [HiHat Single];;[Pausa];;[Surdo + Tom];;[Pausa] ;;[Pausa];;[Pausa];;[Pausa];;[Pausa] ;;[Pausa];;[Marcação];;[HiHat] (Tu... .TuTuTaTa... TuTuTa...);;[Pausa];;[Pausa];;[Pausa];;[HiHat] (Tu... Ta.. .Ta...  .TaTa);;[Ride] (ta tu tu ta tu tu ta tu);;[Surdo] (Tu... .... .... TuTu... .Ti. .TiTi...);;[Essa musica é bem expontânea];;[Pausa];;[Pausa];;[Pausa];;[Pausa];;[Pausa];;[Pausa];;[Pausa];;[Virada Intro] (Tu.. Tra.. Tu.. Tra.. TuTuTu...);;[Pausa];;[Pausa];;[Pausa];;[Pausa];;[Pausa];;[Bumbo + HiHat];;[Marcação Bumbo];;[Pausa];;[Surdo] (Tu.. .Tu.. .Tu.. Bu.. TaTa.. TuTu(Tu));;[Caixa] (Tu... Ta... .TuRuTuTu... Ta...);;[Ride];;[Surdo] (Crescente);;[Surdo] (Tu.. .Tu..) (Tu..Tu...);;[Pausa];;[Aro + Bumbo];;[Pausa];;[Ride] (Ta.. Ti.. Ta.. Ti.. Ta.. Ti.. Ta.. Ti..);;[Pausa];;;;[Pausa] (Marcação no Chimbal pra n ficar muito vazio);;[Caixa] (Tu... Ta... Tu... .Ta.. Ta...);;[Pausa];;[Pausa]
INSTRUMENTAL;;És a vida, és o amor;;INSTRUMENTAL;;Ele é exaltado, o Rei é exaltado;;Em espírito, em verdade;;Lutamos com armas de fé;;Eu poderia estar;;Nada novo achei;;Graças eu Te dou, Pai;;Instrumental;;Instrumental;;No início eras a Palavra;;Instrumental;;Porque Dele e por Ele;;Instrumental;;Instrumental;;Instrumental;;[Posso me soltar 100%];;Sobre o trono de justiça;;Um dia, o Filho do Homem retornará;;Cantai louvores ao Senhor;;Éramos fracos, andávamos cegos;;O Verbo Vivo que deixou Sua glória por nós;;Digno é o Cordeiro que foi morto;;Te amo, Deus;;[HiHat] (Tu.. .TuTa... Tu.. TuTu.. Ta...);;Graças eu Te dou, Pai;;Jesus, em Tua presença, Reunimo-nos aqui;;Nada novo achei;;Nada novo achei;;Instrumental;;Instrumental;;Nova vida para sempre;;Tu és a luz que brilha sobre a escuridão;;Tudo o que tem;;Instrumental;;Instrumental;;Ooh Ooh Ooh;;Instrumental ;;A porta da casa mais simples;;Instrumental;;Vamos cantar;;Instrumental;;Quem é como Tu?;;;;Minha vergonha me sepultou;;Instrumental;;Nós estamos aqui, Tão sedentos de Ti, Vem oh Deus, vem oh Deus;;Digno desta canção só Tu és, Senhor
INSTRUMENTAL;;Esperança que restaura;;INSTRUMENTAL;;Ele é exaltado, pra sempre exaltado;;Em espírito, em verdade;;E nada irá resistir, Enquanto adoramos;;Em qualquer outro lugar;;Posso até cantar;;Pelos cravos em Tuas mãos;;;;Instrumental;;Um com Deus, o Altíssimo;;;;Para Ele são todas as coisas;;;;;;;;;;Eternamente haverá um Rei;;Com muito poder e glória Ele reinará;;Exultai ao Deus da Salvação;;Estávamos mortos em nossos pecados;;Em amor, se entregou;;Santo, santo Ele é;;És fiel em todo tempo (Tu.. tu tu);;Instrumental;;Pelo preço que pagou;;Contemplamos Tua face, E rendemo-nos a Ti;;Pra dizer então;;Pra dizer então;;;;;;Uma família, alegria;;Tu és a paz que acalma todo coração;;Fôlego;;;;Instrumental;;;;;;Que o anjo da morte não entra;;;;Uma canção ao Cordeiro;;;;Jesus;;;;Eu buscava um salvador;;;;Enche este lugar, Meu desejo é sentir, Teu poder, Teu poder;;Digno do meu louvor só Tu és, Senhor
;;;;;;Ele é o Senhor;;;;Em meio às tribulações;;Mas Tua glória me atraiu;;Então vou levantar;;;;[Marcação];;;;O mistério de Tua Glória;;[Pausa];;Porque Dele e por Ele;;[HiHat] (Tu... Ta.. .Ta...  .TaTa);;[Caixa + Bumbo] (ta... ta... ta... ta...);;[Surdo] (Tu... .... .... TuTu... .Ti. .TiTi...);;[Pausa];;Ele voltará para governar;;;;Ele e não nós que nos formou;;Mas Deus provou seu grande amor;;És o Cristo, Filho de Deus;;Um novo cântico ao que se assenta;;;;;;Sacrifício de amor;;Pois um dia Tua morte, Trouxe vida a todos nós;;Como expressar;;Como expressar;;[Pausa];;[HiHat] (Tu.. Tu.. Ta...)  (.Ta.. .Ta..);;;;És o pão do faminto, a força do aflito;;Louve ao Senhor;;[Caixa] (Tu... Ta... .TuRuTuTu... Ta...);;[Pausa];;[Ride] (Ta Tu Tu Ta Tu Tu Ta Tu);;[Aro] (Tu... ... .TuTa...);;A estrada que corre pro mar;;[Aro];;Vamos cantar;;[HiHat] (Tu... Ta... Tu... Ta...);;Não há ninguém além de Ti;;;;Mas Teu perdão, Me libertou;;[Caixa] (Tu... Ta... Tu... Ta...);;;;Digno da minha vida Tu és, Senhor
[HiHat Groove Normal];;[HiHat]  (Tu... Ta... Tu... Ta...);;[Surdo + Caixa];;Ele é exaltado, o Rei é exaltado;;[Pausa];;O nosso Deus é vencedor, Nós O adoramos;;Tua presença me atraiu;;Sei que é simples pra um Rei;;[Marcação Ride + Bumbo] (Bu... .Bu..);;Tem ciúmes de mim;;[HiHat] (Tu... .Tu.. TaTa... TuTuTa...);;Cristo em ti se revelou;;Quem é esse que vem nos abraçando?;;Para Ele são todas as coisas;;Não havia nele;;Não é pelo que eu fiz (Acentua);;Deixou Sua glória por mim;;Esperava-se um rei;;As nações em amor;;[Surdo Caixa] (tu... ta... tu... ta...);;Se prostrem toda tribo e nação;;Seu sangue trouxe a redenção;;Pelo Seu sangue, uma nova vida nos deu;;Sobre o trono do Céu;;[HiHat] (Tu... Ta...... Ta...);;[Surdo] (Bumbo no Tempo) (Bu.. .Tu.. Bu.. Tu...);;Que me comprou;;E nos deu completo acesso, Ao coração do Pai;;Minha gratidão;;Minha gratidão;;O universo chora;;Oh-oh, oh-oh;;[Pausa];;E nós somos teus pés e tuas mãos;;Louve ao Senhor;;Pai nosso nos Céus;;;;Ooh Ooh Ooh;;Veja, a vinda está tão perto;;O vento que abre o caminho é Você;;Não posso te ver, mas eu te amo;;Uma canção ao Cordeiro;;Todos reunidos;;Que é manso e;;;;;;Eis me aqui, Senhor;;[Pausa];;Oh, eu sou Teu
Que quebra o jugo do meu pecado;;És a vida, és o amor;;O engano se aproxima;;;;Em espírito, em verdade;;;;;;;;Digno é o Senhor;;O Seu amor é como um furacão;;Nada se compara ao Teu amor;;;;Quem é esse que vem nos constrangendo com o olhar?;;;;Beleza ou formosura;;O nome disso é graça (Crescente e Pausa);;Se fez desprezível por mim;;Dos homens;;;;Mas quanto ao dia e a hora, quem saberá?;;;;;;Sua dor nos redimiu;;;;Tua doce voz;;Te amo, Deus, tua graça nunca falha;;Ungido do Senhor;;;;;;;;O Sol se apagou;;Oh-oh, oh-oh;;Ohh Ohh Ohh;;;;;;Santo é o Teu nome;;[Pausa];;;;Prove, a paz não está tão longe;;;;Não posso te ver, mas creio em ti;;Vamos cantar;;Juntos em um só lugar, a congregar;;Humilde assim;;;;[Bumbo];;Buscando Tua verdade e amor;;Nós estamos aqui, Tão sedentos de Ti, Vem oh Deus, vem oh Deus;;
Que treme a terra, com trovão santo;;Esperança que restaura;;Se levantem, atalaias;;[HiHat];;Em espírito, em verdade;;[Marcação];;[Pausa];;[HiHat] (tu... ta... tu... ta...);;[Marcação Ride + Tons] (Bu... .Bu..);;E eu me rendo ao vento de Sua misericórdia;;Deixou Sua glória e habitou entre nós;;[Pausa];;Ele é tão sábio;;[Pausa];;Pra que fosse vista;;[Pausa] (Pausa no 'Gra' e volta no 4);;Levou todo o fardo que era meu;;E veio o rei dos céus;;[Marcação] (Tu.. .Tu..);;Nem os anjos do céu, nem o Filho, somente o Pai;;[Pausa];;[Pausa];;És o Cristo, Filho de Deus;;[HiHat] (Tu... Ta... .Tu.. .Tu.. Ta...);;Sei que és meu Pai;;Todos os dias eu estou em Tuas mãos;;;;[Pausa];;[Pausa];;[Pausa];;Ali estava morto o salvador;;;;;;[Pausa] (Bu... ... Bu.. Bu... Ti...);;[Surdo] (Tu.. .Tu.. .Tu.. Bu.. TaTa.. TuTu(Tu));;Teu reino buscamos;;Eu vi o Senhor sentado;;[Ride] (Ta Tu Tu Ta Tu Tu Ta Tu);;Cadê as sombras que nos seguiam?;;[Pausa];;Como é feliz quem anda na luz;;Uma canção ao Cordeiro, vamos;;Vai começar a festa;;Não há ninguém igual a Ti;;;;Morto estava em meu interior;;Eu vim neste lugar;;Enche este lugar, Meu desejo é sentir, Teu poder, Teu poder;;[Pausa]
;;Com Teu fôlego dentro em nós;;;;Ele é exaltado, o Rei é exaltado;;;;Vitorioso És, Na tempestade estás;;Tentei me esconder;;Em resposta a Ti;;Elevo minhas mãos;;Então, de repente, não vejo mais minhas aflições;;Em tudo foi tentado;;Oh quão lindo esse nome é;;Ensina em amor;;Porque Dele e por Ele;;[HiHat] (Tu... Ta.. .Ta...  .TaTa);;;;Levou o pecado que era meu;;Nasceu em uma manjedoura;;Que ruja o leão;;Então vigiai e orai;;Ao Supremo Deus;;A nossa glória é Cristo;;;;Digno é o Cordeiro que foi morto;;;;Desde quando me levanto até eu me deitar;;[Pausa];;E o véu que separava, Já não separa mais;;Posso até cantar;;Posso até cantar;;Seu corpo lá na cruz;;[HiHat] (Tu.. Tu.. Ta.. Tu...) (Tu.. Ta...)  (.Ta.. .Ta..);;[Marcação Bumbo];;Instrumental;;Tudo o que tem;;Tua vontade seja feita;;E a orla de Suas vestes;;Verbo vivo viveu entre nós;;Quebrou o cristal do nosso orgulho;;A nuvem que aponta o destino;;Que vive por fé e pode sentir;;Vamos cantar;;Deus está neste lugar, veio habitar;;Não há;;;;Me escondia de Ti, Senhor;;Tua graça encontrar;;;;Nome que é sobre todos é o Teu, Jesus
[HiHat Double] ou [HiHat Single];;Com Teu fôlego dentro em nós;;[Pausa];;Ele é exaltado, pra sempre exaltado;;[Ride];;Teu nome infalível é;;Por medo de não viver;;Então vou levantar;;[Pausa];;Eu só vejo a glória;;;;Oh quão lindo esse nome é;;Ele é tão manso;;Para Ele são todas as coisas;;Só havia nele;;[Ride] (tu tu ta tu tu tu ta tu);;;;Onde está sua coroa?;;E que a Terra estremeça;;;;;;Nossa coroa é Cristo;;[Pausa];;Santo, santo Ele é;;[Ride];;Eu cantarei da bondade de Deus;;Pelos cravos em Tuas mãos;;A luz que outrora apagada, Agora brilha, E cada dia brilha mais;;Alguma canção;;Alguma canção;;Seu sangue derramou;;Que brilhe a Tua luz;;Caminhar, o amor buscar;;;;Fôlego;;Na terra, como é nos Céus;;;;Filho do homem, filho de Deus;;;;É a mesma que cobre o passado;;;;Uma canção ao Cordeiro;;;;;;;;Mas Teu perdão, Me libertou;;;;[Caixa];;Fonte da salvação só Tu és, Jesus
Oh que tremenda graça!;;;;A mensagem é doce aos lábios, mas;;;;Pra te adorar, ó Rei dos reis;;Os reinos vêm e vão, Teu trono acima está;;Mas Tua glória me atraiu;;Sei que é simples pra um Rei;;Mas ressuscitou...;;E percebo quão maravilhoso Ele é;;[HiHat] (Tu... .Tu.. TaTa... TuTuTa...);;O nome de Jesus, meu Rei;;Cuida dos corações;;Porque Dele e por Ele;;O peso do pecado;;Instrumental;;[Marcação] (Tu... Tu... Tu... .Ti. .TiTi...);;;;Diante da majestade de Jesus;;[Surdo Caixa] (tu... ta... tu... tuta. tu(tu));;[Pausa];;A nossa glória é Cristo;;Precioso é o sangue;;Um novo cântico ao que se assenta;;És fiel em todo tempo;;;;Graças eu Te dou, ó meu Senhor;;;;Que vai acabar;;Que vai acabar;;O peso do pecado ele levou;;Que soe a Tua voz;;Aprender, a luz brilhar;;[Pausa]  (Bu... ... Bu.. Bu... Ti...);;Louve ao Senhor;;Deixe o Céu descer;;[Pausa];;Curando os enfermos, livrando os cativos;;[Pausa];;O pão que sacia a fome;;[Pausa];;;;[Surdo + Bumbo] (Bu... .Tu... Bu... TuTu(Bu)) (Bu... .Tu... Bu... TaTa(Ta));;[Pausa];;;;;;[Caixa] (Tu... Ta... Tu... Ta...);;Então vem me incendiar, Meu coração é Teu altar;;Digno da minha vida Tu és, Jesus
Você deu sua vida;;[HiHat + Pausa 4 tempos];;;;[Ride];;Meu prazer é te louvar;;Teu nome imutável é;;Tua presença me atraiu;;;;;;E o tanto que Ele me quer;;Levou sobre Si as nossas dores;;Oh quão lindo esse nome é;;;;Para Ele são todas as coisas;;Da dor que era nossa;;;;Me deu sua paz para sempre;;[Marcação];;Que ruja o Leão;;Logo se ouvirá um grito;;Louvores, honras e ações de graças;;Nossa coroa é Cristo;;Daquele que a morte venceu;;Sobre o trono do Céu;;És fiel em todo tempo;;[Acentuação];;Lavou minha mente e coração;;[Pausa];;Mas a Tua, não;;Mas a Tua, não;;;;Que Teu grandioso amor;;;;Somos teu povo, a tua igreja;;Louve ao Senhor;;Na terra, como é nos Céus;;"Com duas asas cobriam; Com duas asas cobriam";;Era chegado o Reino de Deus;;Ao chão, Ao chão;;A rocha que mata minha sede é Você;;Alegria da tua presença;;[Pausa];;No meio dos louvores do Seu povo;;Maravilhoso;;;;[Bumbo];;Por Tua causa, livre sou;;Quero ouvir o som do céu, Tua Glória contemplar;;Oh, eu sou Teu
;;INSTRUMENTAL;;[Pausa];;Ele é o Senhor;;Nos átrios do Senhor;;;;;;[Pausa];;[Ride + Surdo] (Bu... .tututu... Bu... tu...) (Usar Caixa);;;;Foi moído por nossos pecados;;Maior que tudo Ele é;;[HiHat] (Tu... Ta... TuTu... Ta...);;;;;;[Surdo + Casa] (tu... ta... tu... ta...);;Me deu alegria para sempre;;Tão surpreendente;;E que a Terra estremeça;;Eis o Noivo sobre os montes;;Soberania, Majestade e força;;;;Glorioso é o nome;;;;;;És fiel em todo tempo;;Me deu perdão;;Só pra te adorar;;;;;;[Ride + Surdo];;;;[Pausa];;Tua luz brilha sobre nós;;;;Deixe o Céu descer;;"Cantavam uma canção; Santo é Você";;;;;;;;Alegria da salvação;;Quem é como o Senhor?;;No meio dos louvores do Seu povo;;Admirável;;;;Tu me chamaste, E eu voltei a viver (Pausa no 'Eu', Volta no 'Viver');;A minha vida, a Ti, eu dou;;;;Eu sou Teu
[HiHat Double] ou [HiHat Single];;[Pausa];;Eu como o rolo, leio o livro;;Ele é exaltado, o Rei é exaltado;;Na casa de Deus;;[Surdo] (tu... .tu.. .tu.. tutu...);;[Marcação] (tu.. .tu...);;Ei, meu coração, não se envergonhe;;Pelos cravos em Tuas mãos;;[Marcação];;Por Seu sangue, nós fomos lavados;;Oh quão lindo esse nome é;;Quem é esse que vem nos abraçando? (2 acento + Pausa + Volta Caixa);;[Marcação];;[HiHat] (Tu... Ta... Tu...  Ta...);;Como explicar a tua graça;;Me deu Sua vida pra viver;;És filho do homem;;Diante da majestade de Jesus;;Logo se ouvirá um grito;;Ao Deus temível;;[Surdo] (tu... . tu..  .tu... tu... tutu...);;Daquele que é justo e fiel;;[Ride] (Tu... Ta... .TuTu.. Tu.. Ta...);;[Marcação Ride Apenas];;Em todo tempo tu és tão, tão bom;;Restaurou-me a comunhão;;E fazer Teu nome grande;;[Pausa];;[Pausa];;Instrumental;;[HiHat] (Ta.. Tu.. Tu.. Ta... Tu.. Ta...);;Saber que a gente pode crescer;;O mesmo corpo, um só Espírito;;[Surdo] (Tu.. Tu.. Tu..) Base;;;;;;[Bumbo] (TaTa) (.Tu..);;[HiHat] (Tu... Ta... Tu... Ta...);;[Bumbo + Marcação];;Alegria da intimidade, da comunhão;;Quem é como o Senhor?;;No meio dos louvores do Seu povo;;Tão sublime;;;;[HiHat];;Me coloco em Tuas mãos;;[Caixa];;
INSTRUMENTAL;;;;Eu como o rolo, leio o livro;;Ele é o Senhor;;;;O inferno não prevaleceu;;É que a sarça pegou fogo e não se consumiu;;[Acentuação];;Lavou minha mente e coração;;Ô, Ele me amou;;;;Nome de Jesus;;Quem é esse que vem nos constrangendo com o olhar? (Pausa + Volta Caixa);;A Ele a glória;;Ele levou sobre si;;E com o raiar de um novo dia;;Me deu Sua graça pra vencer;;Tão surpreendente;;[Pausa];;Vamos ao Seu encontro;;Mais do que os falsos deuses, Yahweh;;Mas Deus provou seu grande amor;;;;Santo, santo, santo;;INSTRUMENTAL;;Com todo fôlego que tenho;;;;E Te dar o louvor que é devido;;Então vou levantar;;Então vou levantar;;;;À intimidade do santo lugar;;Viver, chorar, dançar e se alegrar;;Um Senhor e Rei;;Eu louvo nos vales, louvo nos montes;;[Caixa] (Tu... Ta... .TuRuTuTu... Ta...);;[Pausa];;Foi humilhado, crucificado;;Veja, a vinda está tão perto;;Mais perto do monte;;Sei que ainda não posso te ver;;;;No meio dos louvores do Seu povo;;Glorioso;;;;Glorioso dia, Teu sangue me resgatou;;E ergo minha voz, pois liberto sou;;Então vem me incendiar, Meu coração é Teu altar;;[Marcação]
;;[HiHat];;Eu como o rolo, leio o livro;;Ele é exaltado, o Rei é exaltado;;[HiHat];;E nada irá me impedir, Eu Te adorarei;;E a voz que saiu dela um dia me atraiu;;Ei, meu coração, não se envergonhe;;;;Ô, Ele me ama;;[Ride + Surdo] (Tu... .Tu.. TuTuTuTu... ta...);;;;;;A Ele a glória;;As dores que deviam vir sobre nós;;[Tribal] (tu... tum.. tu.. tu ru [ru]);;;;És Emanuel;;;;Vamos ao Seu encontro;;;;Seu sangue trouxe a redenção;;[Pausa];;Deus Todo-Poderoso;;[Marcação Ride + Surdo] (2 / 4);;Eu cantarei da bondade de Deus;;[Marcação Ride + Bumbo];;Estamos nós aqui;;As minhas mãos e louvar;;As minhas mãos e louvar;;[HiHat] (Tu.. .Tu... Ta...) ;;Às profundezas do Teu coração;;;;;;Eu louvo no dia e louvo na noite;;Instrumental;;"Com duas asas cobriam; Com duas asas cobriam";;Tão rejeitado pelos seus;;Prove, a paz não está tão longe;;Mais perto da face;;Mas eu sei já posso sentir;;[Pausa];;[Crescente];;Tua presença;;;;Tu me chamaste, E eu voltei a viver (Acrescenta Caixa no 'Viver');;[Crescente];;Quero ouvir o som do céu, Tua Glória contemplar;;Santo
[HiHat Groove Normal];;És a vida, és o amor;;Eu como o rolo, leio o livro;;;;Em espírito, em verdade;;[Surdo + Caixa + HiHatPé] (tu.. tu.. tu.. tutu.. ta...);;E o meu coração queimou até que descobriu;;[Crescente Surdo + Ride];;[Ride Surdo] (Bu... .tu.. tutututu... ta...);;Ele me amou;;E o castigo que nos traz a paz;;[Surdo] (Tu.. Tu.. .Tu.. ToTiTu ToTiTu TuTu);;[Marcação + Bumbo];;A Ele a glória;;[HiHat] (Tu... Ta... TaTa..  Ta...);;Sim de graça eu recebo;;[Surdo] (Tu... Tu... Tu... .ti. .titi...) (+ intensidade);;Deus conosco;;[HiHat] (Tu... Ta... TuTu... Ta...);;;;[Bumbo + Surdo] (tututututu.. tu tu..);;A nossa glória é Cristo;;Há poder no Teu nome;;Que era, e é, e há de vir;;Tua bondade me seguirá;;;;Digno é o Senhor;;;;Pois tudo o que tenho é um;;Pois tudo o que tenho é um;;Deus pai o abandonou;;;;[Caixa] (Tu... Ta... Tu... Ta...) (.Ta.. Ta...);;[Marcação Bumbo];;Eu louvo se vejo que estou cercado;;;;"Cantavam uma canção; Santo é Você";;Ressuscitado, glorificado;;Cadê as sombras que nos seguiam?;;Me espanto com o peso da Tua glória;;Tua doce e amável presença está aqui, está em mim;;Santo, és incomparável;;;;É mais desejável;;;;[HiHat + Caixa];;;;;;És incomparável
Que traz a ordem em meio ao caos;;Esperança que restaura;;;;[Ride];;Em espírito, em verdade;;Muralhas vão estremecer;;Que um dia com Tua glória vale mais que mil;;Ei, meu coração, não se envergonhe;;Digno é o Senhor;;;;Estava sobre Ti;;Deixou o céu para buscar-nos;;Ele é tão sábio;;Pra sempre, amém;;Jesus se fez perdão ao pecador;;Certamente que a bondade;;Jesus toda glória somente a Ti;;;;Sobre o trono de justiça;;[Ride] (tu... ta... tu... ta...);;INSTRUMENTAL;;Nossa coroa é Cristos;;Jesus, Rei sobre o trono;;Com a criação, eu canto;;(Bumbo... Tu... Tu... tu tu... ta);;[HiHat] (Tu.. .TuTa... Tu.. TuTu.. Ta...);;Sobre o trono está;;[Ride] (Tu.. Tu.. Ta... .Ta.. TuTu... Ta...);;Aleluia, aleluia;;Aleluia, aleluia;;Cessou seu respirar;;[Ride] (Tu... Ta... Tu.. Tu.. Ta...);;oh oh oh oh;;Faça tua vontade através de nós;;Pois meus inimigos serão derrotados;;[Caixa] (Tu... Ta... .TuRuTuTu... Ta...);;;;O inferno e a morte venceu;;Quebrou o cristal do nosso orgulho;;;;;;Não há outro como Tu;;[Ride] (Ta.. Ti.. Ta.. Ti.. Ta.. Ti.. Ta.. Ti..);;Do que o ouro;;;;Glorioso dia, Teu sangue me resgatou (Pausa no 'San', Volta no 'Tou');;[Ride] (Tu... Ta... TuTu.. Ta...);;[Ride] (tu.. tu.. tu.. ta...);;És inigualável
Governa o mundo, com a sua justiça;;;;[Surdo + Caixa];;Ele é exaltado, o Rei é exaltado;;;;Cadeias irão se romper, Enquanto adoramos;;;;Instrumental;;Elevo minhas mãos;;[Marcação];;Por Suas pisaduras nós fomos sarados totalmente;;Veio pra nos resgatar;;Ensina em amor;;;;O seu amor mostrou;;;;Jesus toda glória somente a Ti;;[Marcação + Bumbo] (Tempo 1);;Eternamente haverá um Rei;;Quando a meia-noite chegar, é necessário estar;;;;;;Ao ouvir Teu santo nome;;Louvores ao Rei dos reis;;Eu me rendo a Ti, Te dou o meu ser;;Instrumental;;Soberano, criador;;Instrumental (Pausa e volta);;;;;;Em trevas se encontrou o filho;;Teu é o governo;;;;Que o teu reino venha, Que o teu reino venha;;"Enquanto eu viver minh'alma irá cantar (Pausa no ""Mi"")";;Pai nosso nos Céus;;[Marcação];;;;;;[Bumbo + Marcação] (Dobra);;[Pausa];;Reinas sobre a terra e céu;;Instrumental;;Melhor que a vida é o Teu amor;;;;;;O Teu nome bendirei;;Instrumental;;Abre os meus olhos, Senhor
;;[Ride];;Eles procuram;;Ele é exaltado, o Rei é exaltado;;[HiHat];;;;[Marcação] (tu.. .tu...);;;;[Crescente];;Instrumental;;[Crescente];;Amor maior que o meu pecado;;Ele é tão manso;;[Surdo + Ride];;Morreu porque amou;;[HiHat] (tu... ta... tutu.. ta...);;[Crescente];;És manso e humilde;;Ele voltará para governar;;Com a chama acesa;;[Surdo + Caixa] (tu... tu tu.. tu tu... ta...);;[Surdo + Caixa] (tu... . tu..  .tu... tu... ta...);;Jesus, todos Te louvam;;És tudo para mim e eu Te adorarei;;;;;;Vou sempre te adorar;;Instrumental (Pausa e volta no contra);;[Pausa];;[Pausa];;A guerra começou, a morte enfrentou;;Te entronizamos;;[Surdo + Ride] (Bu... .Tu.. Tu... Bu... Tu...);;Faça tua vontade através de nós;;;;Santo é o Teu nome;;"Que toda Terra; Que toda casa";;[Ride] (Ta Tu Tu Ta Tu Tu Ta Tu);;[Marcação];;Mais perto da glória;;Instrumental;;Pra sempre;;;;;;;;[HiHat];;E, bem alto, clamarei;;;;Mostra quem Tu és e enche o meu coração
[HiHat Double] ou [HiHat Single];;Com Teu fôlego dentro em nós;;[Ride];;;;Rei dos reis e Senhor;;[Surdo + Caixa + HiHatPé] (tu... .tu.. .tu.. tuta...);;É que a sarça pegou fogo e não se consumiu;;[Crescente Caixa];;Mas ressuscitou/Digno é o Senhor;;;;;;Nada vai nos separar;;Cuida dos corações;;A Ele a glória;;;;Não é pelo o que eu fiz;;;;És manso e humilde;;As nações em amor;;O Filho do Homem virá, será que encontrará;;Cantai louvores ao Senhor;;A nossa glória é Cristo;;;;;;[Ride];;[Surdo] (Bumbo no Tempo) (Bu.. .Tu.. Bu.. .TuTa...);;;;;;Sei que é simples pra um Rei;;Sei que é simples pra um Rei;;Todo o poder das trevas vencido foi;;;;Para nós Ele é, da vida, o melhor;;Que o teu reino venha, Que o teu reino venha;;[Surdo + Ride] Refrão;;Teu reino buscamos;;"E que os meus olhos;'Senhor dos Senhores ";;E agora quem dizem que Tu és;;Veja os tronos de outros reis;;É mais perto da morte;;;;;;[HiHat] (Tu... Ta... Tu... Ta...) (.Tu.. Ta.. .Tu.. Tu... Ta...);;[HiHat] (Tu... Ta... ... ...);;;;Instrumental;;Que eu sou Teu, eu sou Teu;;[Pausa];;Do amor que faz mudar o mundo
Oh que tremenda graça!;;Com Teu fôlego dentro em nós;;Não se enganem, atalaias;;[Pausa] ;;Rei dos reis e Senhor;;Vitorioso És, Na tempestade estás;;E a voz que saiu dela um dia me atraiu;;Louve ao Senhor;;Mas ressuscitou/Digno é o Senhor;;[HiHat] (tu... ta... tu... ta...);;[Pausa];;;;;;A Ele a glória;;[Pausa];;O nome disso é graça;;[Ride] (tu... ta... tu.. .tu.. ta...);;És manso e humilde;;;;Fé na Terra, fé na Terra?;;Exultai ao Deus da Salvação;;Nossa coroa é Cristo;;[HiHat] (Tu... Ta... Tu... Ta...);;[HiHat] (Tu... Ta... .TuTu.. Tu.. Ta...);;Tua bondade me seguirá;;Tua doce voz que me guia em meio ao fogo;;[Marcação Ride + Tons] (Bu... Tu... ... Tu Tu);;[HiHat] (Tu.. Tu.. Ta...) (Tu.. Tu.. Tu.. Ta..);;Mas não tenho nada além;;Mas não tenho nada além;;;;[HiHat] (Tu.. Tu.. Ta...)  (.Ta.. .Ta..);;Nosso mover e existir, paraíso aqui;;;;Louve ao Senhor, todo o meu ser;;Tua vontade seja feita;;;;Um profeta, um agitador qualquer;;Dobrados ao chão;;O medo quer me parar;;[HiHat] (Tu... Ta... Tu... Ta...);;[Pausa];;Corações unidos;;Quem é como Tu?;;;;;;[Pausa];;Nós estamos aqui, Tão sedentos de Ti, Vem oh Deus, vem oh Deus;;[Pausa]
Você deu sua vida;;Com Teu fôlego dentro em nós;;[Ride + Surdo] (tu.. tum.. ta.. ta ta [ta]);;;;;;Teu nome infalível é;;E o meu coração queimou até que descobriu;;Louve ao Senhor;;;;Tem ciúmes de mim;;Não há amor igual, Jesus, Tu és real;;[Surdo] (Tu.. Tu.. .Tu.. ToTiTu ToTiTu TuTu);;[Marcação + Bumbo] (Mais Forte);;A Ele a glória;;Perdoados;;Firmado nela estou;;Não há outro igual a Ti;;E eu me prostro aos teus pés;;[Surdo + Ride Expontâneo];;;;Ele e não nós que nos formou;;Somente Cristo Jesus;;Pelo Seu sangue, uma nova vida nos deu;;Instrumental;;Eu me rendo a Ti, te dou o meu ser;;Na escuridão, Tua presença me conforta;;Elevo minhas mãos;;Jesus, em Tua presença, Reunimo-nos aqui;;De um coração cantando;;De um coração cantando;;[Ride + Surdo] (Tu... .Tu.. .Tu.. TuTa...);;Oh-oh, oh-oh;;Só a Ele entregar o princípio e o fim;;[Surdo] (Tu... Ta... .TuTuTuTuTu.. Ta...);;Louve ao Senhor, todo o meu ser;;Na terra, como é nos Céus;;[Marcação];;Teu Espírito me revela quem Tu és;;Até o meu coração se deu;;Então me tira o medo;;Não posso te ver, mas eu te amo;;Santo, és incomparável;;Prontos para começar a celebrar;;Jesus;;;;[Bumbo];;;;Enche este lugar, Meu desejo é sentir, Teu poder, Teu poder;;
;;Com Teu fôlego dentro em nós;;A mensagem é doce aos lábios, mas;;;;[Ride];;Os reinos vêm e vão, Teu trono acima está;;Que um dia com Tua glória, um dia com Tua glória vale mais que mil;;Louve ao Senhor;;[Ride] (Tu.. Tu.. Ta...);;O Seu amor é como um furacão;;És o meu amigo fiel;;Oh quão maravilhoso é;;Ele entrou em casa;;Pra sempre, amém;;Na Cruz nós fomos;;O nome disso é graça;;Tu és o Rei da glória;;;;Que ruja o Leão;;[HiHat] (tu... ta... tu... ta...);;Se prostrem toda tribo e nação;;;;Sua dor nos redimiu;;;;;;Eu sei que és meu pai, que amigo és;;Ao Cristo que venceu;;Contemplamos Tua face, E rendemo-nos a Ti;;Aleluia, aleluia;;Aleluia, aleluia;;A terra estremeceu, o sepulcro se abriu;;;;[Crescente];;Tu és a luz que brilha sobre a escuridão;;;;Deixe o Céu descer;;"Que toda Terra; Que toda casa";;Ungido de Deus!;;;;;;Não posso te ver, mas creio em ti;;Não há outro como Tu;;Já se ouve os gritos (Pausa e Volta);;Não há ninguém além de Ti;;;;Por Tua graça eu salvo sou;;[Caixa] (Tu... Ta... Tu... Ta...);;[Cresce no 'Teu Poder, Teu Poder'];;[Caixa] (Tu... Ta... ... Ta...) (Tu... Ta... ... TaTa...)
[Pausa];;;;[Ride + Caixa Acentuando];;;;Pra te adorar, ó Rei dos reis;;Teu nome imutável é;;;;Louve ao Senhor;;Digno é o Senhor (pam 5x dps do 'Sobre o trono está');;E eu me rendo ao vento de sua misericórdia;;Maravilhoso amor, sim, Jesus me salvou;;Oh quão maravilhoso é;;Ele está na mesa;;[Pausa];;Resgatados;;[Pausa] (Pausa no 4 e volta no 2);;Tu és o Rei da glória;;[Ride] (Tu.. .Tu.. ... Ta...);;E que a Terra estremeça;;Um dia, o Filho do Homem retornará;;;;[Acentuaçao];;És o Cristo, Filho de Deus;;[HiHat] (Tu... Ta... .Tu.. .Tu.. Ta...);;[Pausa];;E eu vivo na bondade de Deus;;Cordeiro de Deus, morreu por mim;;Pois um dia Tua morte, Trouxe vida a todos nós;;;;;;E nada vencerá seu grande amor;;[HiHat] (Tu.. Tu.. Ta.. Tu...) (Tu.. Ta...)  (.Ta.. .Ta..);;Do universo o Rei, do mundo a luz;;Tu és a paz que acalma todo coração;;[Surdo] (Tu.. Tu.. Tu..) Base;;Na terra, como é nos Céus;;"E que os meus olhos;'Senhor dos Senhores ";;;;[Marcação] (Surdo Expontaneo);;[Pausa];;Como é feliz quem anda na luz;;Reinas sobre a terra e céu;;Deus está neste lugar veio habitar;;Que é manso e;;;;[Surdo + Caixa];;Por tudo o que fizeste a mim;;;;Digno desta canção só Tu és, Senhor
Digno é o Cordeiro de Deus;;[Pausa];;A mensagem é doce aos lábios, mas;;;;Meu prazer é te louvar;;;;[Hi Hat] (tutu... tuta... tutu... ta...);;;;Elevo minhas mãos;;Então, de repente, não vejo mais minhas aflições;;És o sacrifício perfeito;;O nome de Jesus, meu Rei;;Ele nos observa;;;;Jesus venceu por nós;;;;;;Não há o que te afronte;;Diante da majestade de Jesus;;Com muito poder e glória Ele reinará;;[Crescente] (Ride + Hi-Hat) ;;INSTRUMENTAL;;;;Está vestido do arco-íris;;És fiel em todo tempo;;[Crescente];;[Pausa];;E nos deu completo acesso, Ao coração do Pai;;[HiHat] (tu... ta... tu... ta...);;[HiHat] (Tu... Ta... Tu.. .Tu.. Ta...);;[Crescente];;Que brilhe a Tua luz;;[Pausa];;És o pão do faminto, a força do aflito;;Eu louvo se vejo, eu louvo se não;;Deixe o Céu descer;;;;[HiHat] (Tu... Ta... TuTu.. Ta...);;Eita, tudo se rendeu;;Que me faz dizer;;Que vive por fé e pode sentir;;Pra sempre (A virada começa depois do 'SEM');;;;Humilde assim;;;;Teu grande amor me libertou;;Levanto minhas mãos a Ti;;[Ride] (tu.. tu.. tu.. ta...);;Digno do meu louvor só Tu és, Senhor
Digno é o Cordeiro de Deus;;;;[Crescente];;;;Nos átrios do Senhor;;[Pausa];;Eu poderia estar;;[Pausa];;Mas ressuscitou/Digno é o Senhor;;Eu só vejo a glória;;;;Oh quão maravilhoso é;;Sabe que O esperamos;;[Surdo] (Bu... .Tu.. .Tu.. Ta...);;Jesus venceu por nós;;[Ride] (tu tu ta tu tu tu ta tu);;[Ride] (tu... ta... tu.. .tu.. ta...);;Outro trono não há;;;;Uh, uh, uh;;Ao Supremo Deus;;;;[HiHat] (Tu... Ta... Tu.. .Tu.. Ta...);;Sons de trovão, luzes, relâmpagos;;[Ride];;;;Mas ressuscitou;;;;Em resposta a Ti;;Em resposta a Ti;;Ó, morte, onde estás?;;Que soe a Tua voz;;;;E nós somos teus pés e tuas mãos;;Eu louvo, pois sei que estou em Suas mãos;;;;[Marcação + Bumbo + Surdo] (tu... .tutu.. tu...);;Tu és o Cristo, filho do Deus vivo;;Quem não louvará?;;Moisés, suba em meu lugar;;;;(TaTaTaTuTuTuBu...);;[Surdo + Bumbo] (Bu... .Tu... Bu... TuTu(Bu)) (Bu... .Tu... Bu... TaTa(Ta));;Não há ninguém igual a Ti;;;;Eu renasci, Quando Te conheci;;És o único, a quem adorarei;;Então vem me incendiar, Meu coração é Teu altar;;Digno da minha vida Tu és, Senhor
;;[Pequena Marcação + Bumbo 1/4];;;;;;Na casa de Deus;;Imutável És, Jesus;;Em qualquer outro lugar;;Então vou levantar;;Mas ressuscitou/Digno é o Senhor;;E percebo quão maravilhoso Ele é;;[HiHat] (TuTu... ta... ta...);;Maior que tudo Ele é;;;;Quão profundas riquezas;;;;Oh, ooh, ooh, ooh;;A minha vida dou a Ti;;Inabalável és;;[Crescente Expontâneo];;[Pausa];;[Crescente] (Ride + Caixa) ;;[Ride];;Precioso é o sangue;;Louvores, honra e glória;;És fiel em todo tempo;;[Ride] (Tu.. .TuTa... Tu.. TuTu.. Ta...);;;;[HiHat Contra] (Tu... Ta... TuTu.. Ta...);;Há uma ação;;Há uma ação;;O rei ressuscitou;;Que Teu grandioso amor;;[Pausa];;;;Guerreio louvando em adoração;;[Pausa/Surdo] (Tu... .Tu.. .Tu..);;Instrumental;;Sobre esta rocha Tua igreja está;;Quem não temerá o Rei?;;Me faz entender;;[HiHat] (Tu... Ta... .TuTu... .Tu.. Ta...);;;;No meio dos louvores do Seu povo;;;;;;;;;;Quero ouvir o som do céu, Tua Glória contemplar;;Oh, eu sou Teu
;;Toda a Terra entoará;;[Ride];;;;;;Te adoramos;;Mas Tua glória me atraiu;;Sei que é simples pra um Rei;;Mas ressuscitou/Digno é o Senhor;;E o tanto que Ele me quer;;Nada se compara ao Teu amor;;Oh quão maravilhoso é;;[Ride + Surdo] (Bu... .Tu.. Tu... TuTu... Ta...);;O saber e o conhecer de Deus;;[HiHat] (Tu... Ta.. .Ta...  .TaTa);;;;Tu és o Rei da glória;;És o Leão de Judá;;Que ruja o Leão;;;;Ao Supremo Deus;;Reconciliação (Acentuação 5x) e do tempo 1;;Daquele que a morte venceu;;Força e poder pra sempre;;;;És fiel em todo tempo;;[HiHat] (Tu... Ta... ... Ta...);;E o véu que separava, Já não separa mais;;Me render aqui;;Me render aqui;;Ele venceu pra sempre;;;;Vida, verdade, caminho e paz;;[Surdo] (Tu... Ta... .TuTuTuTuTu.. Ta...);;Com o meu louvor muralhas cairão;;Deixe o Céu descer;;;;Tu és o Cristo, filho do Deus vivo;;;;;;Alegria da tua presença;;[Ride] (Tu... Ta... TuTu... Ta...);;No meio dos louvores do Seu povo;;[HiHat] (Tu... Ta... Tu.. Tu.. Ta...);;;;[Surdo + Caixa];;[Caixa] (Tu... Ta... Tu... Ta...);;;;
[Ride/Bumbo/SurdoContra];;Grande é o Senhor;;Eu como o rolo, leio o livro;;;;[Ride];;;;Tua presença me atraiu;; ;;Mas ressuscitou/Digno é o Senhor;;;;Deixou Sua glória e habitou entre nós (Pausa no 'En' Volta no 'Nós');;O nome de Jesus;;E ao partir o pão, os nossos olhos se abrem;;Quão insondáveis;;Não havia nele;;[HiHat] (tu... ta... tu... ta...);;Tu és o Rei da glória;;;;E que a Terra estremeça;;[HiHat];;;;Vida e salvação (Acentuação 5x);;Glorioso é o nome;;Ao único Rei eternamente;;[Pausa];;Em todo tempo Tu és tão, tão bom;;Pelos cravos em Tuas mãos;;A luz que outrora apagada, Agora brilha, E cada dia brilha mais;;Em adoração;;Em adoração;;;;[HiHat] (Ta.. Tu.. Tu.. Ta... Tu.. Ta...);;Luz sobre as trevas, Redentor;;Tua verdade sempre permanecerá;;"Enquanto eu viver minh'alma irá cantar (Pausa no ""Mi"")";;Deixe o Céu descer;;[HiHat] (tu... .tutu.. ta... ta...);;Rocha inabalável, outro igual não há (Ta.. Ta.. Ta..);;[Ride] (Tu... ... .TuTa...) (Surdo Expontaneo);;[Pausa];;Alegria da salvação;;Intrumental;;No meio dos louvores do Seu povo;;Não há.. Não há igual;;;;Tu me chamaste, E eu voltei a viver (Pausa no 'Eu', Volta no 'Viver');;Eu vou compartilhar o amor;;[Ride] (tu.. tu.. tu.. ta...);;[Caixa] (Tu... Ta... ... Ta...) (Tu... Ta... ... TaTa...)
[Tribal sem Ride e Pausa];;[Marcação Ride + Surdo + Bumbo 2/4] (Bumbo... Tu... Tu...);;Eu como o rolo, leio o livro;;;;Pra te adorar, ó Rei dos reis;;[Marcação + Surdo] (tu... .tu.. .tu.. tutu...);;;;[Pausa];;[Pausa];;[HiHat] (tu... ta... tu... ta...);;Em tudo foi tentado;;[Pausa];;E reconhecemos quem Tu és;;Seus juízos e os Seus caminhos;;Beleza ou formosura;;Como explicar a tua graça;;;;[Ride] (Tu.. .Tu.. ... Ta...);;Diante da majestade de Jesus;;Mas quanto ao dia e a hora, quem saberá?;;[Surdo + Caixa] (tu... tu tu.. tu.. tu tu... ta... pa);;;;Daquele que é justo e fiel;;[Crescente];;És fiel em todo tempo;;Com todo fôlego que tenho;;Graças eu Te dou, ó meu Senhor;;;;;;;;[Ride] (Tu.. Tu.. Ta...);;À intimidade do santo lugar;;;;Do teu amor quem poderá nos separar;;;;Deixe o Céu descer;;Eu vi o Senhor sentado;;;;Veja os tronos de outros reis;;Que a tempestade é Você;;Alegria da intimidade, da comunhão;;;;No meio dos louvores do Seu povo;;;;;;[HiHat];;Ser Tua luz por onde eu for;;Então vem me incendiar, Meu coração é Teu altar;;Nome que é sobre todos é o Teu, Jesus
Digno é o Cordeiro de Deus;;Toda a Terra entoará;;Eu como o rolo, leio o livro;;;;Meu prazer é te louvar;;Como um trovão, Impetuoso;;[Hi Hat] (tutu... tuta... tutu... ta...);;Oh, ooh, ooh, ooh;;;;Ô, Ele me amou;;;;;;Ao som da Tua voz, os nossos corações;;;;Pra que fosse vista;;E com o raiar de um novo dia;;[Ride] (tu.. tu.. tu.. ta...);;Não há o que te afronte;;;;Nem os anjos do céu, nem o Filho, somente o Pai;;Louvores, honras e ações de graças;;[Ride];;;;;;És fiel em todo tempo;;Eu cantarei da bondade de Deus;;Lavou minha mente e coração;;[Ride] (Tu.. Tu.. Ta... .Ta.. TuTu... Ta...);;[HiHat] (tu... ta... tu... ta...);;[HiHat] (Tu... Ta... Tu.. .Tu.. Ta...);;Pra sempre exaltado é;;Às profundezas do Teu coração;;[Surdo + Ride] (Bu... .Tu.. ... Tu...);;És fiel e pra sempre, teu povo sustenta;;[Surdo + Ride] Refrão;;Deixe o Céu descer;;E a orla de Suas (ves)tes (Acentuada 4x);;[Ride] (Ta Tu Tu Ta Tu Tu Ta Tu);;Dobrados ao chão;;Chuva forte é Você;;Sei que ainda não posso te ver;;[HiHat] (Tu... Ta... TuTu... Ta...) (Tu... Ta.. Tu.. TuTu... Ta...);;[Crescente] (Pausa e Volta);;[Ride] (Tu.. .Tu.. Tu.. Ta...);;;;Glorioso dia, Teu sangue me resgatou;;Eu me prostro aos Teus pés;;Quero ouvir o som do céu, Tua Glória contemplar;;Fonte da salvação só Tu és, Jesus
Digno é o Cordeiro de Deus;;Grande é o Senhor;;Eu como o rolo, leio o livro;;;;Nos átrios do Senhor;;Poderoso És, Grandioso És;;Tentei me esconder;;[Caixa] (ta.. ta.. ta...);;;;Ô, Ele me ama;;[HiHat] (Tu... .Tu.. TaTa... TuTuTa...);;[Marcaçao];;Queimam de amor;;[Surdo] (Bu... .Tu.. .Tu.. Ta...);;[HiHat] (Tu... Ta.. .Ta...  .TaTa);;[Ride];;Instrumental;;Outro trono não há;;[Ride] (Tu.. Tu.. Ta... TuTu.. Tu.. Ta...);;Então vigiai e orai;;Louvores, honras e ações de graças;;A nossa glória é Cristo;;[Ride] (Tu... Ta... Tu.. .Tu.. Ta...);;[Ride] (Tu... Ta... .TuTu.. Tu.. Ta...);;;;[Crescente];;Me deu perdão;;Só pra te adorar;;Então vou levantar;;Então vou levantar;;Pra sempre adorado é;;;;Nosso refúgio, fortaleza;;E então o mundo inteiro verá;;Louve ao Senhor, todo o meu ser;;;;;;Ooh Ooh Ooh;;Até o meu coração se deu;;Vento forte é Você;;Mas eu sei já posso sentir;;Vamos cantar;;;;Maravilhoso;;;;Tu me chamaste, E eu voltei a viver (Acrescenta Caixa no 'Viver');;E ergo minhas mãos, pois liberto sou;;;;Digno da minha vida Tu és, Jesus
;;;;;;;;Na casa de Deus;;Que venha o céu, Nós proclamamos;;Por medo de não viver;;Oh, ooh, ooh, ooh;;;;Ele me amou;;Levou sobre Si as nossas dores;;A morte venceste, O véu Tu rompeste;;Queimam de amor;;Quão profundas riquezas;;Só havia nele;;Sim de graça eu recebo;;;;Inabalável és;;Que ruja o Leão;;;;[Surdo + Caixa] (Acrescenta pratos 1,2,3,4);;Nossa coroa é Cristo;;Há poder no Teu nome;;Santo, santo, santo;;;;;;Restaurou-me a comunhão;;E fazer Teu nome grande;;As minhas mãos e louvar;;As minhas mãos e louvar;;Pra sempre ele vive;;[Ride] (Tu... Ta... Tu.. Tu.. Ta...);;Nossa força nas batalhas;;O poder do grande Rei;;Louve ao Senhor, todo o meu ser;;[HiHat] (Tu... .Ta.. Tu... .Ta.. Ta...);;[HiHat] (tu.. tu.. ta... .tutu.. ta...);;;;;;E o que me faz tremer as pernas;;Tua doce e amável presença está aqui;;Uma canção ao Cordeiro;;[HiHat] (Tu... Ta... Tu... Ta...);;Admirável;;;;[HiHat + Caixa];;[Crescente];;[Surdo] (tu tu tu tu tu... tu tu tu tu tu...);;Oh, eu sou Teu
[HiHat Double] ou [HiHat Single];;[Crescente Ride + Surdo + Bumbo 4/4] (bumbo... tu... tu...);;[Pausa];;;;;;Poderoso És, Grandioso És;;Mas Tua glória me atraiu;;[Caixa] (Acrescenta bumbo);;;;;;Foi moído por nossos pecados;;A tumba vazia agora está;;;;O saber e o conhecer de Deus;;O peso do pecado;;[Crescente];;[Caixa + Surdo];;És o Leão de Judá;;E que a Terra estremeça;;[HiHat + Tons] (tu... ta... tu... tuta. tu(tu));;Louvores, honras e ações de graças;;A nossa glória é Cristo;;Jesus, Rei sobre o trono;;Deus Todo-Poderoso;;;;[Crescente];;;;E Te dar o louvor que é devido;;Pois tudo o que tenho é um;;Pois tudo o que tenho é um;;Ressuscitou, ressuscitou;;Teu é o governo;;O perfeito sacrifício;;[Pausa];;;;Deixe o Céu descer;;"Com duas asas cobriam; Com duas asas cobriam";;[HiHat] (Tu... Ta... Tu... Ta...) (.Ti..);;[Ride] (Tu... ... .TuTa...) (Bumbo Marcado) (Surdo Expontaneo);;;;está em mim, está aqui;;Nós vamos cantar;;Vamos adorar, cantar bem alto;;Tão sublime;;;;Glorioso dia, Teu sangue me resgatou (Pausa no 'San', Volta no 'Tou');;;;Instrumental;;Eu sou Teu
Oh que tremenda graça!;;Toda a Terra entoará;;Pra essa hora, eu me levanto, responsável;;;;[Pausa] ;;;;Tua presença me atraiu, Deus;;Oh, ooh, ooh, ooh;;;;[Marcação];;Por Seu sangue, nós fomos lavados;;[Surdo] (Bu... .Tu.. .Tu.. .Tu.. TuTu...);;[Ride + Surdo] (Bu... .Tu.. Tu... TuTu... Ta...) (Aumenta Bumbo);;Quão insondáveis;;Da dor que era nossa;;Certamente que a bondade;;Jesus toda glória somente a Ti;;És o Leão de Judá;;Diante da majestade de Jesus;;Logo se ouvirá um grito;;Louvores, honras e ações de graças;;Nossa coroa é Cristo;;Ao ouvir Teu santo nome;;Que era, e é e há de vir;;;;Tua bondade me seguirá;;[Ride] (Tu.. Tu.. Ta...);;Estamos nós aqui;;Aleluia, aleluia;;Aleluia, aleluia;;;;Te entronizamos;;Verbo em carne, Rei dos reis;;;;[Surdo + Ride] Refrão +;;Deixe o Céu descer;;"Cantavam uma canção; Santo é Você";;Verbo vivo viveu entre nós;;Eita, tudo se rendeu;;[Pausa];;;;Uma canção ao Cordeiro;;Vamos celebrar, gritar bem alto;;Glorioso;;;;;;[Ride] (Tu... Ta... TuTu.. Ta...);;;;
Você deu sua vida;;Grande é o Senhor;;[Hi-Hat Expontaneo];;;;;;[Ride + Surdo] (tu... .tu.. .tu.. tuta...);;;;[Caixa] (Acrescenta pratos);;;;Instrumental;;;;O céu Te adora, Proclama tua glória;;E ao partir o pão, os nossos olhos se abrem;;Seus juízos e os Seus caminhos;;;;;;Jesus toda glória somente a Ti;;[Pausa];;;;Eis o Noivo sobre os montes;;;;Somente Cristo Jesus (3x);;Jesus, todos Te louvam;;Com a criação, eu canto;;;;Me seguirá, Senhor;;Digno é o Senhor;;;;;;;;[Ride + Surdo] (Tu... .Tu.. .Tu.. TuTa...);;;;;;[Surdo + Ride] (Bu.. .Tu.. Tu.. .Tu.. Tu...);;Não vou me calar;;Deixe o Céu descer;;;;Filho do homem, filho de Deus;;Quem não louvará?;;A porta aberta é Você;;[Pausa];;Vamos cantar;;Deus aqui está entronizado;;Tua presença;;;;[HiHat];;O Teu nome bendirei;;[Surdo + Caixa] (tu tu tu tu tu... tu tu tu tu ta...);;[Surdo + Ride] (Bu... TuBu... TuTuBuTu... Ta...)
;;[Crescente Ride + Caixa];;Pra essa hora, eu me levanto, responsável;;;;;;Como um trovão, Impetuoso;;[Ride] (tu.. tu.. ta... .ta.. tutu...);;Oh, ooh, ooh, ooh;;;;;;[Ride + Surdo] (Tu... .Tu.. TuTuTuTu... ta...);;Pois ressuscitaste e vivo estás;;E reconhecemos quem Tu és;;;;[HiHat] (Tu... Ta... Tu...  Ta...);;[HiHat] (tu... ta... tutu.. ta...);;[Crescente];;;;[Ride] (Tu.. Tu.. Ta... TuTu.. Tu.. Ta...);;Logo se ouvirá um grito;;[Surdo + Caixa];;;;[Pausa];;Louvores ao Rei dos reis;;;;Tua bondade me seguirá;;Sobre o trono está;;[Ride] (Tu.. Tu.. Ta... .Ta.. TuTu... Ta...);;[HiHat] (tu... ta... tu... ta...);;[HiHat] (Tu... Ta... Tu.. .Tu.. Ta...);;A terra estremeceu, o sepulcro se abriu;;[Ride] (Tu... Ta... Tu.. Tu.. Ta...);;[Surdo + Ride] (Bu... .Tu.. Tu... Bu.. .Tu.. Ta...);;Instrumental (Entra junto da guitarra);;Meu Deus vivo está;;Deixe o Céu descer;;[HiHat];;Curando os enfermos, livrando os cativos;;Quem não temerá o Rei?;;Mas a fechada é Você;;Sou feliz com Jesus;;Uma canção ao Cordeiro;;No meio dos louvores do Seu povo (Ta.. TaTa.. TaTa..);;É mais desejável;;;;Instrumental;;E bem alto clamarei;;Te damos honra, Te damos glória;;Santo
[HiHat Double] ou [HiHat Single];;Toda a Terra entoará;;[Ride] (Acrescenta o Bumbo);;;;;;Poderoso És, Grandioso És;;É que a sarça pegou fogo e não se consumiu;;;;;;[Ride] (tu.. tu.. ta...);;E o castigo que nos traz a paz;;;;Ao som da Tua voz, os nossos corações;;[HiHat] (Tu.. Tu.. Ta...);;Ele levou sobre si;;Não é pelo o que eu fiz;;Jesus toda glória somente a Ti;;[HiHat] (Tu.. .Tu.. ... Ta...);;Que ruja o Leão;;Vamos ao Seu encontro;;Exaltamos Yahweh;;[Pausa];;;;És tudo para mim e eu Te adorarei;;;;Me seguirá, Senhor;;Soberano, criador;;Só pra te adorar;;Sei que é simples pra um Rei;;Sei que é simples pra um Rei;;E nada vencerá seu grande amor;;Teu é o governo;;Nosso refúgio, fortaleza;;[Pausa];;Como não Te adorar?;;;;"Com duas asas cobriam; Com duas asas cobriam";;Era chegado o Reino de Deus;;[Crescente];;É tudo sobre Você;;Sou feliz com Jesus;;Vamos cantar;;;;Do que o ouro;;;;[Pausa];;Que eu sou Teu, eu sou Teu;;Teu é o poder, Pra sempre, amém;;És incomparável
INSTRUMENTAL;;Grande é o Senhor;;Pra essa hora, eu me levanto, responsável;;;;;;Que venha o céu, Nós proclamamos;;E a voz que saiu dela um dia me atraiu;;[Crescente];;;;Me ama, Ele me ama;;Estava sobre Ti;;[Surdo] (Bu... .Tu.. .Tu .Tu.. TuTa...);;Queimam de amor;;A Ele a glória;;As dores que deviam vir sobre nós;;O nome disso é graça;;Jesus toda glória somente a Ti;;Esperava-se um rei;;E que a Terra estremeça;;Vamos ao Seu encontro;;Exaltamos Yahweh;;;;[Pausa];;;;;;Eu me rendo a Ti, te dou meu ser;;Vou sempre te adorar;;E fazer Teu nome grande;;Mas não tenho nada além;;Mas não tenho nada além;;[Crescente];;Te entronizamos;;Nossa força nas batalhas;;;;Louve ao Senhor, todo o meu ser;;[HiHat] (Tu... .Ta.. Tu... .Ta.. Ta...);;"Cantavam uma canção; Santo é Você";;;;;;E eu também vou subir;;Sou feliz com Jesus;;Uma canção ao Cordeiro;;[HiHat] (Tu... Ta... Tu... Ta...);;Melhor que a vida é o Teu amor;;;;;;Tudo o que sou;;;;És inigualável
INSTRUMENTAL;;;;[Crescente];;;;;;Poderoso És, Grandioso És;;E o meu coração queimou até que descobriu;;Ei, meu coração, não se envergonhe;;;;Ele me ama, Ele me ama;;Por Suas pisaduras nós fomos sarados totalmente;;És invencível, inigualável;;Queimam de amor (Virada nos Tons);;A Ele a glória;;[Crescente];;Firmado nela estou;;;;Dos homens;;Diante da majestade de Jesus;;;;Exaltamos Yahweh;;;;Basta uma palavra Tua e os mortos viverão;;[Ride] (Tu... Ta... .TuTu.. Tu.. Ta...);;;;Entrego tudo a Ti;;;;E Te dar o louvor que é devido;;De um coração cantando;;De um coração cantando;;Ó, morte, onde estás?;;;;[Surdo + Ride] (Bu... .Tu.. Tu... Bu.. .Tu.. Ta...) (Aumenta Bumbo);;[Surdo + Ride] (Bu.. .Tu.. Tu.. .Tu.. Tu...);;;;Deixe o Céu descer;;;;[HiHat] (Tu... Ta... Tu... Ta...) (.Ti..);;[Ride] (Tu... ... .TuTa...) (Surdo Expontaneo);;;;Sou feliz com Jesus meu senhor;;;;Vamos adorar, cantar bem alto;;;;;;[Pausa];;Está em Tuas mãos de amor;;[Surdo + Caixa] (tu tu tu tu tu... tu tu tu tu ta...);;Abre os meus olhos, Senhor
;;[Ride] (Tu Tu Tu Ta);;Pra essa hora, eu me levanto, responsável;;;;;;;;Que um dia com Tua glória vale mais que mil;;Ei, meu coração, não se envergonhe;;;;Me ama, Ele me ama;;;;Hoje e sempre reinarás;;;;A Ele a glória;;Jesus se fez perdão ao pecador;;O nome disso é graça;;[Ride] (tu... ta... tu.. .tu.. ta...);;E veio o rei dos céus;;[Crescente];;[Ride];;Exaltamos Yahweh;;;;Basta uma palavra Tua e os cegos verão;;Instrumental;;;;Tua bondade me seguirá;;[Ride] (Tu.. Tu.. Ta...);;Estamos nós aqui;;Aleluia, aleluia;;Aleluia, aleluia;;O rei ressuscitou;;[HiHat] (Tu.. Tu.. Ta.. Tu..) (Ta.. Ta.. .Tu.. .Tu.. Ta.. Ta..) ;;O perfeito sacrifício;;Instrumental (Entra junto da guitarra);;[Marcação Bumbo] ;;Deixe o Céu descer;;[Ride] (tu.. tu.. ta... .tutu.. ta...);;Foi humilhado, crucificado;;Importa que Ele cresça;;[Surdo + Ride] (Bu... .TuBu.. Tu.. Bu... Ta...);;;;[Surdo + Ride] (Bu... .TuBu... Tu.. Bu... TaTaTaTaTa...);;Vamos celebrar, gritar bem alto;;[Ride] (Tu.. .Tu.. Tu.. Ta...);;;;Do meu pecado, me resgataste;;E eu sou Teu, eu sou Teu;;Te damos honra, Te damos glória;;Mostra quem Tu és e enche o meu coração
;;Com Teu fôlego dentro em nós;;;;;;;;[Ride] (tu... tu ta... .tu.. tu.. ta...);;;;[Ride] (tu... ta... .tu.. .tu.. ta...);;;;Ele me ama, Ele me ama;;[Ride] (Tu.. Tu.. Ta...);;[Surdo] (Bu... .Tu.. .Tuta... .Tu.. TuTa...);;[HIHat] (TuTu... Ta... TuTu... Ta...);;Pra sempre, sempre e sempre;;O seu amor mostrou;;;;Não há outro igual a Ti;;Nasceu em uma manjedoura;;;;Quando a meia-noite chegar, é necessário estar;;;;;;Apenas uma palavra Tua e tudo mudará;;;;;;Me seguirá, Senhor;;Elevo minhas mãos;;;;;;;;Ele venceu pra sempre;;Em Ti, existimos;;Verbo em carne, Rei dos reis;;;;Instrumental;;Deixe o Céu descer;;"Que toda Terra; Que toda casa";;Tão rejeitado pelos seus;;Maior que toda sombra que a gente projetou;;Mais perto do monte;;[Crescente];;Quem é como o Senhor?;;Deus aqui está entronizado;;Maravilhoso;;;;Em Tua glória, cadeias se rompem;;;;Teu é o poder, Pra sempre, amém;;Do amor que faz mudar o mundo
;;Com Teu fôlego dentro em nós;;[Ride];;;;;;Vitorioso És, Na tempestade estás;;[Ride] (tu.. tu.. ta... .ta.. tutu...);;Oh, ooh, ooh, ooh;;;;[Pausa];;Não há amor igual, Jesus, Tu és real;;Teu é o reino, Tua é a glória;;Nós arrumamos a casa;;;;Morreu porque amou;;[HiHat] (tu... ta... tutu.. ta...);;Tu és o Rei da glória;;Onde está sua coroa?;;[Ride] (Tu.. Tu.. Ta.. Ta.. TuTu.. .Ta.. TuTu.. Ta...);;Com a chama acesa;;[Surdo + Caixa];;;;Se pedirmos em Teu nome;;[Pausa];;;;;;Ao Cristo que venceu;;[Ride] (Tu.. Tu.. Ta... .Ta.. TuTu... Ta...);;[Pausa];;[Acentuação];;;;Pois somos Tua geração;;;;[Surdo + Ride] (Bu.. .Tu.. Tu.. .Tu.. Tu...);;;;Deixe o Céu descer;;"E que os meus olhos;'Senhor dos Senhores ";;Ressuscitado, glorificado;;Importa que Ele seja;;Mais perto da face;;Sou feliz com Jesus;;Quem é como o Senhor?;;No meio dos louvores do Seu povo;;Admirável;;;;Sozinho estava sem teu consolo;;[Ride] (TuTuTuTa... TuTa...);;;;
;;Com Teu fôlego dentro em nós;;Eu como o rolo, leio o livro;;;;;;Teu nome infalível é;;É que a sarça pegou fogo e não se consumiu;;Oh, ooh, ooh, ooh;;;;;;És o meu amigo fiel;;Acima de todo nome está;;Perfumamos ela toda;;[HiHat] (.TuTu.. Tu.. Ta...);;;;Não é pelo o que eu fiz;;Tu és o Rei da glória;;;;Instrumental;;O Filho do Homem virá, será que encontrará;;Exaltamos Yahweh;;;;;;Maravilhado, extasiado;;;;[Ride] (Tu.. .TuTa... Tu.. TuTu.. Ta...);;Cordeiro de Deus, morreu por mim;;Instrumental (Pausa e volta no contra);;Ei, meu coração, não se envergonhe;;Ei, meu coração, não se envergonhe;;[Ride] (Tu.. Tu.. Ta...);;;;[Tribal] (Tu.. Tu.. Ta...);;Justiça e paz se encontram;;[Surdo] (Tu.. Tu.. Tu..) Base;;;;;;O inferno e a morte venceu;;O único Senhor;;Me espanto com o peso da Tua glória;;Sou feliz com Jesus;;;;;;Tão sublime;;;;Agora sou um cidadão do Céu;;Eis-me aqui;;[Surdo + Ride + Caixa] (tu tu tu tu tu... tu tu tu tu ta...);;[Surdo + Ride] (Bu... TuBu... TuTuBuTu... Ta...)
;;Com Teu fôlego dentro em nós;;Eu como o rolo, leio o livro;;;;;;Os reinos vêm e vão, Teu trono acima está;;E a voz que saiu dela um dia me atraiu (oh);;;;;;[Marcação];;Maravilhoso amor, sim, Jesus me salvou;;;;Nós preparamos a mesa;;A Ele a glória;;[Ride] (Tu.. Tu.. Ta...);;O nome disso é graça;;;;[HiHat] (Tu.. .Tu.. ... Ta...);;;;Fé na Terra, fé na Terra?;;Exaltamos Yahweh;;;;[Crescente] (Tu.. Tu.. Tu.. Tu..);;Eu fico ao ouvir Teu nome;;;;Tua bondade me seguirá;;;;;;Cante essa canção;;Cante essa canção;;Pra sempre exaltado é;;[HiHat] (Tu.. Tu.. Ta.. Tu..) (Ta.. Ta.. .Tu.. .Tu.. Ta.. Ta..) ;;Nosso refúgio, fortaleza;;E nasce a alegria;;Louvo ao Rei, louvo ao Senhor;;[HiHat] (Tu... .Ta.. Tu... .Ta.. Ta...);;[Ride];;;;;;;;Sou feliz com Jesus;;[Marcação + Bumbo];;[Bumbo + Double HiHat];;Glorioso;;;;;;Com os braços bem abertos;;Te damos honra, Te damos glória;;Santo
;;;;Eu como o rolo, leio o livro;;;;;;Teu nome imutável é;;E o meu coração queimou até que descobriu;;[Pausa];;;;Somos sua herança e Ele é o nosso galardão;;És o sacrifício perfeito;;[Ride] (Tu.. Tu.. Ta.. TuTu... Ta...);;Tome o lugar de honra;;A Ele a glória;;Perdoados;;Firmado nela estou;;[Ride] (tu... ta... tu.. .tu.. ta...);;Tão surpreendente;;[Pausa];;;;Exaltamos Yahweh;;;;Basta uma palavra Tua e os mortos viverão;;Maravilhado, extasiado;;;;Me seguirá, Senhor;;[Ride] (Tu.. Tu.. Ta.. Ta.. Tu.. Ta.. Tu... Ta...);;[Pausa];;Pois sei que há fôlego nesses pulmões;;Pois sei que há fôlego nesses pulmões;;Pra sempre adorado é;;Em Ti, existimos;;Nossa força nas batalhas;;Este é o Teu reino;;Louvo ao Cristo que ressuscitou;;Teu é o reino;;"Que toda Terra; Que toda casa";;[Ride] (Ta Tu Tu Ta Tu Tu Ta Tu);;[Ride] (Tu... ... .TuTa...) (Surdo Expontaneo);;[Surdo + Ride] (Bu... .TuBu.. Tu.. Bu... Ta...) (Dobra);;Sou feliz com Jesus meu senhor;;Santo, és incomparável;;Instrumetal;;Tua presença;;;;[Pausa] (Marcação no Chimbal pra n ficar muito vazio);;Criador, Redentor;;Teu é o poder, Pra sempre, amém;;És incomparável
;;[Ride] (Tu... Tu... Ta...);;Eu como o rolo, leio o livro;;;;;;;;Que um dia com Tua glória, um dia com Tua glória vale mais que mil;;Então vou levantar;;;;Seu olhar de graça nos atrai à redenção;;;;Poderoso esse nome é;;;;A Ele a glória;;Na Cruz nós fomos;;O nome disso é graça;;A minha vida dou a Ti;;És filho do homem;;O descendente de Davi;;[HiHat + Tons] (HiHat -) (.tu.. .tu.. ta.. .tu.. tu.. tutu(tu));;Exaltamos Yahweh;;;;Basta uma palavra Tua e os cegos verão;;Eu fico ao ouvir Teu nome;;;;Tua bondade me seguirá;;Mas ressuscitou, Digno é o Senhor;;E o véu que separava, Já não separa mais;;Vamos, louve ao Senhor;;Vamos, louve ao Senhor;;Pra sempre ele vive;;Pois, somos Tua geração;;[Crescente];;Este é o Teu reino;;Louvo Aquele que é justo e fiel;;Teu, o poder;;"E que os meus olhos;'Senhor dos Senhores ";;E agora quem dizem que Tu és;;Importa que Ele cresça;;Mais perto da glória;;[Pausa] (Pausa no 4 'Caixa');;Não há outro como Tu;;;;É mais desejável;;;;Do meu pecado, me resgataste;;Tu és o eterno Deus;;;;És inigualável
;;Grande é o Senhor;;;;;;;;[Ride] (tu tu ta tu tu tu ta tu);;[Acentuação 3x no 'mais que mil'];;Sei que é simples pra um Reis;;;;Se a graça é um oceano, estamos afogando;;[Ride] (Tu.. Tu.. Ta...);;Poderoso esse nome é;;[HIHat] (TuTu... Ta... TuTu... Ta...);;;;Resgatados;;;;Tu és o Rei da glória;;Tão surpreendente;;O homem mais notável;;Que a chama não se apague;;;;;;Apenas uma palavra Tua e tudo mudará;;[Crescente];;;;Me seguirá, Senhor;;Mas ressuscitou, Digno é o Senhor;;A luz que outrora apagada, Agora brilha, E cada dia brilha mais;;;;;;Ressuscitou, ressuscitou;;;;O perfeito sacrifício;;;;O Deus soberano na terra e céu;;Tua é a glória;;;;Um profeta, um agitador qualquer;;Maior que toda sombra que a gente projetou;;É mais perto da morte;;;;Reinas sobre a terra e céu;;[Bumbo + Double HiHat];;[Crescente];;;;Em Tua glória, cadeias se rompem;;Tu és o eterno Deus;;[Pausa];;Abre os meus olhos, Senhor
;;Grande é o Senhor;;[Pausa];;;;;;Como um trovão, Impetuoso;;;;Sei que é simples pra um Reis;;;;;;Não há amor igual, Jesus, Tu és real;;O nome de Jesus, meu Rei;;Nós arrumamos a casa;;[HiHat] (.TuTu.. Tu.. Ta...);;Jesus venceu por nós;;[Ride];;Tu és o Rei da glória;;És Emanuel;;Ele ama a justiça, odeia iniquidade;;Que a chama não se apague;;[Surdo + Caixa];;;;Se pedirmos em Teu nome;;Jesus, Teu nome é força;;;;Eu me rendo a Ti, te dou meu ser;;[Crescente];;[Crescente];;[Acentuação];;[Acentuação + Bumbo];;;;[HiHat] (Ta.. Tu.. Tu.. Ta... Tu.. Tu.. Ta.. Tu..);;Verbo em carne, Rei dos reis;;[Surdo + Ride] (Bu.. .Tu.. Tu.. .Tu.. Tu...);;;;Pra sempre, amém;;[HiHat] (tu... ta... tutu.. ta...);;Teu Espírito me revela quem Tu és;;Importa que Ele seja;;O medo quer me parar;;[Ride] (.TuTu.. Tu.. Tu.. ta...);;Pra sempre;;Altos louvores, cantamos a Ti dia e noite;;Do que o ouro;;;;Sozinho estava sem teu consolo;;;;Então vem me incendiar, Meu coração é Teu altar;;Mostra quem Tu és e enche o meu coração
;;[Crescente Ride + Caixa];;Pra essa hora, eu me levanto, responsável;;;;;;Poderoso És, Grandioso És;;[Expontâneo];;;;;;[Marcação];;És o meu amigo fiel;;Poderoso esse nome é;;Perfumamos ela toda;;A Ele a glória;;Jesus venceu por nós;;O nome disso é graça;;;;Deus conosco;;;;;;INSTRUMENTAL;;;;;;É fôlego de vida, misteriosa água viva;;;;Entrego tudo a Ti;;;;;;Ei, meu coração, não se envergonhe;;Ei, meu coração, não se envergonhe;;[Ride] (Tu.. Tu.. Ta...);;Em Ti, existimos;;;;Justiça e paz se encontram;;[Surdo] (Tu.. Tu.. Tu..) Base;;;;O meu desejo é sentir Você;;Ungido de Deus!;;O único, o único, único Senhor;;Então me tira o medo;;Alegria da tua presença;;;;Erguemos o Teu nome mais alto;;Melhor que a vida é o Teu amor;;;;Agora sou um cidadão do Céu;;[Ride] (TuTuTuTa... TuTa...);;Quero ouvir o som do céu, Tua Glória contemplar;;Do amor que faz mudar o mundo
;;Grande é o Senhor;;Pra essa hora, eu me levanto, responsável;;;;;;Que venha o céu, Nós proclamamos;;Instrumental;;;;;;O céu se une à Terra como um beijo apaixonado;;Maravilhoso amor, sim, Jesus me salvou;;Maior que tudo Ele é;;Nós preparamos a mesa;;A Ele a glória;;;;O nome disso é graça;;[Ride] (tu.. tu.. tu.. ta.. tu.. tu..);;;;[Pausa];;[HiHat + Tons] (HiHat +) (.tu.. .tu.. ta.. .tu.. tu.. tutu(tu));;;;;;[Ride] (Tu... Ta... Tu.. .Tu.. Ta...);;;;;;[Crescente];;[Ride] (Tu.. Tu.. Ta...);;[Pausa];;Cante essa canção;;Cante essa canção;;Instrumental;;Pois, somos Tua geração;;[Ride] (Tu.. Tu.. Ta...);;E nasce a alegria;;Louvo ao Rei, louvo ao Senhor;;[HiHat] (Tu... .Ta.. Tu... .Ta.. Ta...);;E com o calor do fogo;;;;[Crescente];;[Pausa];;Alegria da salvação;;[Surdo + Ride] (Bu... .TuBu... Tu.. Bu... Ta...);;Nós vamos cantar pra Ti, cantar pra Ti;;;;;;;;Eis-me aqui;;;;[Pausa]
;;Grande é o Senhor;;Pra essa hora, eu me levanto, responsável;;;;;;Poderoso És, Grandioso És;;[Pausa];;;;;;E meu coração dispara em meu peito acelerado;;És o sacrifício perfeito;;Poderoso esse nome é;;Tome o lugar de honra;;A Ele a glória;;[Ride] (Tu.. Tu.. Ta...);;;;Tu és o Rei da glória;;[HiHat] (Tu.. .Tu.. ... Ta...);;O descendente de Davi;;Que a chama não se apague;;[Surdo + Caixa];;;;Instrumental;;[Ride] (Tu... Ta... .TuTu.. Tu.. Ta...);;;;Tua bondade me seguirá;;[Pausa antes do 'Digno é o Senhor' (4e) e Volta no 'SE'.. 'NHOR'..];;Só pra te adorar;;Pois sei que há fôlego nesses pulmões;;Pois sei que há fôlego nesses pulmões;;[Pausa];;;;Para nós Ele é, da vida, o melhor;;Este é o Teu reino;;Louvo ao Cristo que ressuscitou;;Teu é o reino;;;;[HiHat] (Tu... Ta... TuTu.. Ta...);;;;;;Alegria da intimidade, da comunhão;;Santo, és incomparável;;;;[Ride] (Tu.. .Tu.. Tu.. Ta...) (Viradas Expontaneas);;;;[Ride] (No contra);;Com os braços bem abertos;;[Pausa];;
;;;;Pra essa hora, eu me levanto, responsável;;;;;;;;;;;;;;[Crescente];;;;O nome de Jesus;;;;Pra sempre;;Perdoados;;[Pausa];;Tu és o Rei da glória;;És manso e humilde;;O homem mais notável;;Que a chama não se apague;;Louvores, honras e ações de graças;;;;;;Instrumental;;;;Me seguirá, Senhor;;Digno é o Senhor;;E fazer Teu nome grande;;Vamos, louve ao Senhor;;Vamos, louve ao Senhor;;;;[HiHat] (Ta.. Tu.. Tu.. Ta... Tu.. Tu.. Ta.. Tu..);;Nosso mover e existir, paraíso aqui;;Este é o Teu reino de amor;;Louvo Aquele que é justo e fiel;;Teu, o poder;;[HiHat];;Tu és o Cristo, filho do Deus vivo;;[Ride] (Tu... Ta... Tu... .TuTa...);;[Pausa];;Sei que ainda não posso te ver;;Não há outro como Tu;;[HiHat] (Tu... Ta... Tu... Ta...) (Tu... Ta... Tu.. .Tu.. Ta.. Tu.. (Tu));;Instrumental;;;;Ferido estava e me curaste;;Criador, Redentor;;Então vem me incendiar, Meu coração é Teu altar;;[Pausa]
;;[Pausa];;;;;;;;[Ride] (tu tu ta tu tu tu ta tu);;[Marcação];;;;;;Não tenho tempo pra perder com ressentimentos;;[Pausa];;;;[Ride] (TuTu... Ta... TuTu... Ta...);;;;Na Cruz nós fomos;;;;;;És manso e humilde;;Ele ama a justiça, odeia iniquidade;;;;(Pam... pa ra ram.. pa ra ra ra ram...);;;;[Ride] (Tu... Ta... Tu.. .Tu.. Ta...);;;;;;[Pausa];;Sobre o trono está (Pam 5x dps do 'Sobre o trono está');;E Te dar o louvor que é devido;;;;;;[Pausa];;Em Ti, existimos;;Só a Ele entregar o princípio e o fim;;;;O Deus soberano na terra e céu;;Tua é a glória;;Ó vento impetuoso;;Sobre esta rocha Tua igreja está;;Veja os tronos de outros reis;;Que me faz dizer;;Mas eu sei já posso sentir;;Reinas sobre a terra e céu;;Altos louvores, cantamos a Ti dia e noite;;;;;;Teu amor é o ar que eu respiro;;Tu és o eterno Deus;;Quero ouvir o som do céu, Tua Glória contemplar;;Instrumental
;;Com Teu fôlego dentro em nós;;;;;;;;Instrumental;;Atraído pela Tua presença;;;;;;Quando penso que Ele;;Tudo que tenho, terás;;[Ride] (Tu.. Tu.. Ta.. TuTu... Ta...);;Instrumental;;[Ride] (Tu Tu Tu Tu Tu Tu Tu Tu Tu);;Resgatados;;;;[Pausa];;És manso e humilde;;;;[Ride + Tons];;Louvores, honras e ações de graças;;;;Há poder no Teu nome;;[Ride] (Tu... Ta... .TuTu.. Tu.. Ta...);;;;;;Soberano, criador;;Estamos nós aqui;;[Crescente Surdo + Ride];;[Crescente Surdo + Ride];;Cantamos aleluia;;Pois, somos Tua geração;;Do universo o Rei, do mundo a luz;;[Crescente];;;;Pra sempre, amém;;E junto com os anjos;;Tu és o Cristo, filho do Deus vivo;;Dobrados ao chão;;Moisés, suba em meu lugar (Pam 2x);;Tua doce e amável presença está aqui;;Pra sempre;;Erguemos o Teu nome mais alto;;[Pausa];;;;[Crescente];;Tu és o eterno Deus;;;;
;;Com Teu fôlego dentro em nós;;;;;;;;Instrumental;;Não me vejo sem a Tua presença;;;;;;;;Tudo que sou, Tu terás;;Poderoso esse nome é;;[Pausa];;Instrumental;;Jesus venceu por nós;;;;;;E eu me prostro aos teus pés;;[Surdo] (Tu.. Tu.. Ta... .Tu.. .Tu.. Ta...);;Não deixe o óleo acabar, não deixe o óleo acabar;;Exaltamos Yahweh;;;;Jesus, Rei sobre o trono;;Santo, santo, santo;;;;[Pausa];;Vou sempre te adorar;;;;Ei, meu coração, não se envergonhe;;Ei, meu coração, não se envergonhe;;O cordeiro venceu;;;;[Pausa];;Justiça e paz se encontram;;[Marcação];;;;;;Rocha inabalável, outro igual não há;;Até o meu coração se deu;;Me faz entender (Pam 5x);;[Pausa];;[Crescente];;Nós vamos cantar pra Ti, cantar pra Ti;;Ah, como espero o dia;;;;Tenho futuro e agora vejo;;[Pausa];;;;[Pausa]
;;Com Teu fôlego dentro em nós;;;;;;;;;;[Ride + Surdo + Caixa];;;;;;[Ride] (tu.. tu.. ta...);;A recompensa do Teu sacrifício;;Poderoso esse nome é;;;;;;Jesus venceu por nós;;;;;;[Crescente];;O descendente de Davi;;Não deixe o óleo acabar, não deixe o óleo acabar;;Exaltamos Yahweh;;;;Ao ouvir Teu santo nome;;Deus Todo-Poderoso;;;;És fiel em todo tempo;;;;[Pausa];;Cante essa canção;;Cante essa canção;;;;[Ride] (Tu.. Tu.. Ta.. Tu... Tu.. Ta... );;;;E nasce a alegria;;Louve ao Senhor, todo o meu ser;;[Surdo] (Tu... .Ta.. Tu... .Ta.. Ta...);;[HiHat];;;;;;;;está em mim, está aqui, está em mim;;;;[Crescente];;Em que verei a face do meu amado;;;;;;;;;;Eu vou construir minha vida em Ti
;;Com Teu fôlego dentro em nós;;;;;;;;[Pausa];;Atraído pela Tua presença;;;;;;Me ama, Ele me ama;;A recompensa do Teu sacrifício;;O nome de Jesus, meu Rei;;[Marcação];;[Ride] (Ta Tu Tu Ta Tu Tu Ta Tu Tu);;;;;;;;;;O homem mais notável;;;;;;;;Jesus, todos Te louvam;;Que era, e é e há de vir;;;;Em todo tempo Tu és tão, tão bom;;[Ride] (Tu.. Tu.. Ta...);;Só pra te adorar;;Pois sei que há fôlego nesses pulmões;;Pois sei que há fôlego nesses pulmões;;[Pausa];;Instrumental;;;;Este é o Teu reino;;[Crescente];;Teu é o reino;;O meu desejo (é) sen(tir) Você (Acentuação e Pausa);;[HiHat] (Tu... Ta... TuTu.. Ta...);;[Ride] (Tu... Ta... Tu... .TuTa...);;[Surdo + Ride] (Bu... Bu... Bu... TuBu.. TuTu);;;;[Ride] (Tu.. Tu.. Ta... Tu.. Ta.. Tu... Ta...) (Expontaneo);;;;Ah, como espero o dia;;;;[Crescente];;[Marcação + Bumbo];;;;Tu és meu fundamento
;;;;;;;;;;;;Não me cansarei da Tua presença;;;;;;Ele me ama, Ele me ama;;;;Poderoso esse nome é;;Ele entrou em casa;;Instrumental;;[Tribal] (Tu.. Tu.. Ta.. .Ta.. TuTu*);;;;;;[Ride] (Tu.. Tu.. Ta...);;Ele ama a justiça, odeia iniquidade;;[Ride + Tons];;[Pausa];;;;;;Com a criação, eu canto;;;;Com todo fôlego que tenho;;Elevo minhas mãos;;E fazer Teu nome grande;;Vamos, louve ao Senhor, oh;;Vamos, louve ao Senhor, oh;;Cantamos aleluia;;;;;;Este é o Teu reino;;Louve ao Senhor, todo o meu ser;;Teu, o poder;;E com o calor do fogo;;Tu és o Cristo, filho do Deus vivo;;Eita, tudo se rendeu;;Que a tempestade é Você;;[Surdo + Ride];;Santo, és incomparável;;[Bumbo + HiHat];;Em que a alegria enfim será completa;;;;Tu me chamaste, E eu voltei a viver (Pausa no 'Eu', Volta no 'Viver');;O Teu nome bendirei;;;;Eu vou confiar somente em Ti
;;;;;;;;;;;;;;;;;;Me ama, Ele me ama;;[Pausa];;Maior que tudo Ele é;;Ele está na mesa;;[Pausa] (Pausa no 1);;A Morte não pôde vencer;;;;;;Não há o que te afronte;;;;Não deixe o óleo acabar, não deixe o óleo acabar;;;;;;[Ride] (Tu.. Tu.. Tu.. Ta.. Tu.. Tu.. Tu..);;Louvores ao Rei dos reis;;;;Eu cantarei da bondade de Deus;;Ao Cristo que venceu;;E Te dar o louvor que é devido;;;;[Pausa] (Pausa no 1, Volta no 4);;O cordeiro venceu;;[Ride] (Tu.. Tu.. Ta.. Tu... Tu.. Ta... );;;;;;[Surdo + Ride] Refrão;;Tua é a glória;;;;Sobre esta rocha Tua igreja está;;Quem não louvará?;;Chuva forte é Você;;Expontáneo;;Não há outro como Tu;;Instrumental;;;;;;[HiHat];;E bem alto clamarei;;;;Não vou ser abalado
;;;;;;;;;;;;[Crescente + Acentuações];;;;;;Ele me ama, Ele me ama;;Tudo que tenho, terás;;Poderoso esse nome é;;Ele nos observa;;;;O Rei do Amor é Vitorioso em Glória;;;;;;Outro trono não há;;[Crescente];;Não deixe o óleo acabar, não deixe o óleo acabar;;;;;;Basta uma palavra Tua e os mortos viverão;;És tudo para mim e eu Te adorarei;;;;;;Cordeiro de Deus, morreu por mim;;Estamos nós aqui;;[Crescente];;;;;;Teu é o governo;;;;[Crescente];;Louve ao Senhor, todo o meu ser;;Pra sempre, amém;;[HiHat];;Tu és o Cristo, filho do Deus vivo;;Quem não temerá o Rei?;;Vento forte é Você;;;;Reinas sobre a terra e céu;;;;[Surdo + Ride] (Bu... Ta... .Tu.. Tu.. (Bu));;;;Glorioso dia, Teu sangue me resgatou;;Que eu sou Teu, eu sou Teu;;;;
;;;;;;;;;;;;Atraído pela Tua presença;;;;;;;;Tudo que sou, Tu terás;;O nome de Jesus;;Sabe que O esperamos;;[Ride] (.TuTu.. Tu.. Ta...);;;;;;;;Inabalável és;;O descendente de Davi;;[Pausa];;;;;;Basta uma palavra Tua e os cegos verão;;;;;;[Acentuação];;;;;;Louve ao Senhor;;[Crescente];;[Marcação];;Te entronizamos;;;;Justiça e paz se encontram;;Louve ao Senhor, todo o meu ser;;;;Ó vento impetuoso;;Rocha inabalável, outro igual não há (Ta.. Ta.. Ta..);;;;E o que me faz tremer as pernas;;[Ride] (.TuTu.. Tu.. Tu.. ta...);;Pra sempre, pra sempre;;[Ride] (Tu... ... Ta... ... Tu.. Tu.. Ta... ...);;Ah, como espero o dia;;;;Tu me chamaste, E eu voltei a viver (Acrescenta Caixa no 'Viver');;;;;;[Ride Suave] (Bu... .TaBu... Ta.. Bu... Ta...)
;;;;;;;;;;;;Não me vejo sem a Tua presença;;;;;;[Ride] (tu.. tu.. ta...);;A recompensa do Teu sacrifício;;;;;;A Ele a glória;;[Crescente];;;;;;És o Leão de Judá;;O homem mais notável;;;;;;;;Apenas uma palavra Tua e tudo mudará;;[Pausa];;;;És fiel em todo tempo;;[Ride] (Tu.. Tu.. Ta.. Ta.. Tu.. Ta.. Tu... Ta...);;;;Louve ao Senhor;;Louve ao Senhor;;Cantamos aleluia;;;;;;E nasce a alegria;;;;[Surdo] (Tu... .Ta.. Tu... .Ta.. Ta...);;E junto com os anjos;;;;[Ride] (Tu... Ta... Tu... .TuTa...);;;;Alegria da tua presença;;;;Instrumental;;Em que verei a face do meu amado;;;;[HiHat + Caixa];;[Caixa + Bumbo] ou [Crescente];;;;Eu vou construir minha vida em Ti
;;;;;;;;;;;;Atraído pela Tua presença;;;;;;Instrumental;;A recompensa do Teu sacrifício;;[Ride] (Tu Tu Ta Tu Tu Tu Ta Tu);;[Ride + Surdo] (Bu... .Tu.. Tu... TuTu... Ta...);;A Ele a glória;;A Morte não pôde vencer;;;;;;;;Ele ama a justiça, odeia iniquidade;;[Ride];;;;;;Se pedirmos em Teu nome;;Santo, santo, santo;;;;Em todo tempo Tu és tão, tão bom;;Mas ressuscitou, Digno é o Senhor;;;;Louve ao Senhor;;Louve ao Senhor (Caixa do 1 ao 4 - Opcional);;O cordeiro venceu;;[Pausa] ;;;;Este é o Teu reino;;[Surdo + Ride] Refrão +;;Teu é o reino;;;;[Pausa];;Veja os tronos de outros reis;;[Surdo + Ride] (Bu... Bu... Bu... TuBu.. TuTu) (Dobra);;Alegria da salvação;;[Ride] (Tu.. Tu.. Ta... Tu.. Ta.. Tu... Ta...) (Expontaneo);;;;[Crescente];;;;Glorioso dia, Teu sangue me resgatou (Pausa no 'San');;Tudo o que sou;;;;Tu és meu fundamento
;;;;;;;;;;;;Não me cansarei, não, não;;;;;;;;;;És invencível, inigualável;;E ao partir o pão, os nossos olhos se abrem;;Pra sempre, amém;;O Rei do Amor é Vitorioso em Glória;;;;;;[Ride] (Tu.. Tu.. Ta...);;;;Quando a meia-noite chegar, é necessário estar;;;;;;;;Deus Todo-Poderoso;;;;Com todo fôlego que tenho;;Mas ressuscitou, Digno é o Senhor;;;;Louve ao Senhor;;Louve ao Senhor;;;;;;;;Este é o Teu reino de amor (Pausa no 4);;Não vou me calar;;Teu, o poder;;[Ride] (tu.. tu.. ta... .tu tu.. ta...);;Não há ninguém como Tu, Jesus! Jesus!;;Dobrados ao chão;;A porta aberta é Você;;Alegria da intimidade, da comunhão;;Santo, és incomparável;;[Ride] (Tu... Ta... Tu... Ta...);;Ah, como espero o dia;;;;[Pausa] (4 tempos);;Está em Tuas mãos de amor;;;;[Ride Suave] (Bu... .TaBu... Ta.. Bu... Ta...)
;;;;;;;;;;;;;;;;;;[Pausa];;[Surdo] (Tu... .Tu.. TuTuTuTuTuTuTa...);;Hoje e sempre reinarás;;E reconhecemos quem Tu és;;;;;;;;;;Não há o que te afronte;;[Ride] (Tu.. Tu.. Ta... TuTu.. Tu.. Ta...);;Com a chama acesa;;;;;;[Ride] (Tu.. Tu.. Tu.. Ta.. Tu.. Tu.. Tu..);;Que era, e é e há de vir;;;;Eu cantarei da bondade de Deus;;[Crescente];;;;[Pausa];;Louve ao Senhor (Pausa e Volta);;[Marcação + Bumbo];;;;;;;;Meu Deus vivo está;;Tua é a glória;;"Que toda Terra; Que toda casa";;;;Até o meu coração se deu;;Mas a fechada é Você;;Sei que ainda não posso te ver;;Não há outro como Tu;;Instrumental (Viradinha);;Em que a alegria enfim será completa;;;;;;E eu sou Teu, eu sou Teu;;;;Eu vou confiar somente em Ti
;;;;;;;;;;;;[Crescente, Pausa, Volta na Cabeça do tempo (dps do n se cons)];;;;;;;;Tudo que tenho, terás;;Teu é o reino, Tua é a glória;;Ao som da Tua voz, os nossos corações;;[Ride] (.TuTu.. Tu.. Ta...);;[Ride] (Tu.. Tu.. Ta...) (Bem Forte);;;;;;Outro trono não há;;Que ruja o Leão;;O Filho do Homem virá, será que encontra(rá);;;;;;Basta uma palavra Tua e os mortos viverão;;Com a criação, eu canto;;;;[Crescente];;;;;;;;;;Cantamos aleluia;;;;;;[Pratos no Tempo];;Como não Te adorar?;;Pra sempre, amém;;"E que os meus olhos;'Senhor dos Senhores ";;[Bumbo + Marcação];;;;É tudo sobre Você;;Mas eu sei já posso sentir;;Reinas sobre a terra e céu;;[Crescente];; ;;;;[HiHat + Caixa] (Inicia virada no 1);;[Crescente];;;;Não vou ser abalado
;;;;;;;;;;;;É que a sarça pegou fogo e não se consumiu;;;;;;;;Tudo que sou, Tu terás;;Acima de todo nome está;;Queimam de amor;;A Ele a glória;;Onde está ó morte;;;;;;Inabalável és;;E que a Terra estremeça;;[Pausa];;;;;;Basta uma palavra Tua e os cegos verão;;Louvores ao Rei dos reis;;;;;;[Pausa];;;;[Pausa];;[Ride] (Tu... Ta... .Tu.. .Tu.. Ta...);;O cordeiro venceu;;;;;;Ohh Ohh Ohh Ohh;;;;;;;;Não há outro igual a Ti, Jesus!;;[Ride] (Tu... Ta... Tu... .TuTa...);;;;Tua doce e amável presença está aqui;;Pra sempre;;;;[Ride] (Tu.. .Tu.. Tu.. Ta...) (Viradas Expontaneas);;;;Instrumental;;;;;;
;;;;;;;;;;;;E a voz que saiu dela um dia me atraiu;;;;;;;;A recompensa do Teu sacrifício;;;;Queimam de amor;;A Ele a glória;;A tua vitória;;;;;;És o Leão de Judá;;Diante da majestade de Jesus;;Fé na Terra, fé na Terra?;;;;;;Apenas uma palavra Tua e tudo mudará;;És tudo para mim e eu Te adorarei;;;;[Ride] (Tu.. .TuTa... Tu.. TuTu.. Ta...);;Digno é o Senhor;;;;Então vou levantar;;Então vou levantar;;;;;;;;[Ride] (Tu.. Tu.. .TaTu.. Ta.. Tu.. .TaTu... Ta..);;[Surdo + Ride] Refrão +;;[Ride] (Tu... .Ta.. Tu... .Ta.. Ta...);;[Pausa] ;;Não há outro igual a Ti, Jesus!;;Eita, tudo se rendeu (Pausa no 'Se');;[Ride] (Tu.. Tu.. Ta...);;[Pausa];;[Pausa];;[Pausa];;Maravilhoso;;;;[Pausa];;[Ride] (Tu... Ta... TuTu.. Ta...);;;;[Ride] (Bu... .TaBu... Ta.. Bu.. .Ta.. Ta...)
;;;;;;;;;;;;E o meu coração queimou até que descobriu;;;;;;;;A recompensa do Teu sacrifício;;[Ride] (Tu.. Tu.. Ta.. TuTu... Ta...);;;;Pra sempre, amém;;Onde está ó morte;;;;;;;;;;;;;;;;Se pedirmos em Teu nome;;[Crescente];;;;Tua bondade me seguirá;;Sobre o trono está;;;;As minhas mãos e louvar;;As minhas mãos e louvar;;[Crescente];;;;;;Ohh Ohh Ohh Ohh ;;Não vou me calar;;Teu é o reino;;"Que toda Terra; Que toda casa";;;;[Pausa];;Me tira o medo;;está em mim, está aqui, está em mim;;;;Vamos adorar, cantar bem alto;;Admirável;;;;;;O Teu nome bendirei;;;;Eu vou construir minha vida em Ti
;;;;;;;;;;;;Que um dia com Tua glória;;;;;;;;;;Poderoso esse nome é;;[Ride + Surdo] (Bu... .Tu.. Tu... TuTu... Ta...) (Aumenta Bumbo);;;;Nosso Rei venceu!;;;;;;[Ride Expontâneo];;[Ride] (Tu.. Tu.. Ta... TuTu.. Tu.. Ta...) (Aqui tem variação);;;;;;;;;;;;;;Me seguirá, Senhor;;Soberano, criador;;;;Pois tudo o que tenho é um;;Pois tudo o que tenho é um;;Cantamos aleluia;;;;;;;;Meu Deus vivo está;;Teu, o poder;;"E que os meus olhos;'Senhor dos Senhores ";;[HiHat] (Tu... Ta... Tu... Ta...);;Quem não louvará?;;Que me faz dizer;;;;[Pausa];;[Ride] (Tu... Ta... Tu... Ta...) (Tu... Ta... Tu.. .Tu.. Ta.. Tu.. (Tu));;Tão sublime;;;;;;E bem alto clamarei;;;;Tu és meu fundamento
;;;;;;;;;;;;;;;;;;;;[Surdo] (Tu... .Tu.. TuTuTuTuTuTuTa...);;Poderoso esse nome é;;E ao partir o pão, os nossos olhos se abrem;;[Pausa];;;;;;;;És o Leão de Judá (Pam... PamPam.. PamPam...);;Que ruja o Leão;;;;;;;;[Pausa];;[Ride] (Tu... Ta... .TuTu.. Tu.. Ta...);;;;Tua bondade me seguirá;;Vou sempre te adorar;;;;Aleluia, aleluia;;Aleluia, aleluia;;O cordeiro venceu;;;;;;[Ride] (Tu.. Tu.. Ta.. Tu... TuTu.. Ta...);;Como não Te adorar?;;Tua é a glória;;;;Ooh Ooh Ooh;;Quem não temerá?;;Moisés, suba em meu lugar;;;;Instrumental;;Vamos celebrar, gritar bem alto;;Glorioso;;;;;;Que eu sou Teu, eu sou Teu;;;;[Crescente]
;;;;;;;;;;;;[Crescente];;;;;;;;Tudo que tenho, terás;;O nome de Jesus, meu Rei;;E reconhecemos quem Tu és;;A Ele a glória;;[Ride] (Tu.. Tu.. Ta...) (Bem Forte);;;;;;És o Leão de Judá;;E que a Terra estremeça;;;;;;;;Há poder no Teu nome;;Santo, santo, santo;;;;Me seguirá, Senhor;;;;;;;;;;;;;;;;Tu és a luz que brilha sobre a escuridão;;;;Pra sempre, amém;;;;;;;;Me faz entender;;;;;;Deus aqui está entronizado;;Tua presença;;;;;;;;;;Eu vou confiar somente em Ti
;;;;;;;;;;;;É que a sarça pegou fogo e não se consumiu;;;;;;;;Tudo que sou, Tu terás;;Poderoso esse nome é;;Ao som da Tua voz, os nossos corações;;A Ele a glória;;Onde está ó morte;;;;;;;;Diante da majestade de Jesus;;;;;;;;Jesus, Rei sobre o trono;;Deus Todo-Poderoso;;;;Eu me rendo a Ti, te dou meu ser;;[Pausa];;;;[Pausa];;[Ride] (Tu... Ta... .Tu.. .Tu.. Ta...);;[Crescente];;;;;;Tu és a paz que acalma todo coração;;[Surdo + Ride] Refrão +;;[Pausa];;;;[Ride] (Ta Tu Tu Ta Tu Tu Ta Tu);;[Surdo] (Tu.. .Tu..);;;;;;[Pausa];;No meio dos louvores do Seu povo (Viradinha);;É mais desejável;;;;;;[Ride] (Tu... Ta... TuTu.. Ta...);;;;Não vou ser abalado
;;;;;;;;;;;;E a voz que saiu dela um dia me atraiu;;;;;;;;A recompensa do Teu sacrifício;;Maior que tudo Ele é;;Queimam de amor;;Pra sempre, amém;;A tua vitória;;;;;;[Pausa];;;;;;;;;;Ao ouvir Teu santo nome;;Que era, e é e há de vir;;;;Entrego tudo a Ti;;Elevo minhas mãos;;;;Sei que é simples pra um Rei;;Sei que é simples pra um Rei;;Cantamos aleluia;;;;;;És o pão do faminto, a força do aflito;;Não vou me calar;;;;;;Ooh Ooh Ooh;;Veja os tronos de outros reis;;[Ride] (Tu... Ta... Tu.. .Tu.. Ta...);;;;Honra, glória, força e poder;;;;[Crescente];;;;;;Tudo o que sou;;;;
;;;;;;;;;;;;E o meu coração queimou até que descobriu;;;;;;;;A recompensa do Teu sacrifício;;Poderoso esse nome é;;Queimam de amor (Virada nos Tons);;;;Onde está ó morte;;;;;;Santo de Israel;;[HiHat + Bumbo Expontâneo] (Acentuando o Pam.. .Pam..);;;;;;;;Jesus, todos Te louvam;;Com a criação, eu canto;;;;[Crescente];;Ao Cristo que venceu;;;;Mas não tenho nada além;;Mas não tenho nada além;;O cordeiro venceeeeeeeu (3 compassos + Pausa no 1);;;;;;E nós somos teus pés e tuas mãos;;Meu Deus vivo está;;;;;;;;Dobrados ao chão;;Que a tempestade é Você (Tu.. Tu.. Ta...);;;;Honra, glória, força e poder;;[Ride] (Tu... Ta... Tu... Ta...) (Tu... Ta... Tu.. .Tu.. Ta.. Tu.. (Tu));;Do que o ouro;;;;;;Está em Tuas mãos de amor;;;;[Ride] (Tu.. Tu.. Ta... TaTu.. TaTu.. Ta...)
;;;;;;;;;;;;Que um dia com Tua glória, um dia com Tua glória vale mais que mil, oh;;;;;;;;;;O nome de Jesus;;;;;;Nosso Rei venceu!;;;;;;Messias prometido;;Instrumental;;;;;;;;;;Louvores ao Rei dos reis;;;;Tua bondade me seguirá;;Cordeiro de Deus, morreu por mim;;;;De um coração cantando;;De um coração cantando;;;;;;;;;;Como não Te adorar?;;;;;;;;Até o meu coração se deu;;Chuva forte é Você;;;;;;Vamos adorar, cantar bem alto;;Melhor que a vida é o Teu amor;;;;;;E eu sou Teu, eu sou Teu;;;;Santo
;;;;;;;;;;;;;;;;;;;;[Surdo] (Tu... .Tu.. .Tu.. TuTuTuTuTuTuTa...);;;;[HIHat] (TuTu... Ta... TuTu... Ta...);;;;[Crescente];;;;;;Príncipe da paz;;;;;;;;;;[Pausa];;És tudo para mim e eu Te adorarei;;;;Me seguirá, Senhor;;;;;;Aleluia, aleluia;;Aleluia, aleluia;;[Ride] (Tu.. Tu.. Ta...);;;;;;[Ride] (Tu.. Tu.. Ta.. Tu... TuTu.. Ta...);;Louve ao Senhor, todo o meu ser;;;;;;;;;;Vento forte é Você;;;;[Marcação];;Vamos celebrar, gritar bem alto;;;;;;;;;;;;És incomparável
;;;;;;;;;;;;[Expontaneo];;;;;;;;Tudo que tenho, terás;;[Pausa];;Nós arrumamos a casa;;;;;;;;;;Rei dos reis;;[Pratos + Bumbo] (Acentuando o Pam.. .Pam..);;;;;;;;Há poder no Teu nome;;;;;;;;[Pausa];;;;;;;;Pra sempre exaltado é;;;;;;Tua verdade sempre permanecerá;;;;;;;;;;[Surdo + Aro] (Tu.. .Tu.. ... Ta...);;E o que me faz tremer as pernas;;;;Honra, glória, força e poder;;Deus aqui está entronizado;;[Surdo + Ride] (Bu... TuBu... TuBuTuTu... Ta...);;;;;;[Ride] (TuTuTuTa... TuTa...);;;;És inigualável
;;;;;;;;;;;;Instrumental;;;;;;;;Tudo que sou, Tu terás;;;;Perfumamos ela toda;;;;[Pausa];;;;;;Rei dos reis;;Instrumental;;;;;;;;Jesus, Rei sobre o trono;;[Pausa];;;;[HiHat] (Tu.. .TuTa... Tu.. TuTu.. Ta...);;Mas ressuscitou, Digno é o Senhor;;;;[Pausa];;[Ride] (Tu... Ta... .Tu.. .Tu.. Ta...);;Pra sempre adorado é;;;;;;Do teu amor quem poderá nos separar;;[Surdo + Ride] Refrão;;;;;;;;Eita, tudo se rendeu;;A porta aberta é Você (Tu.. Tu.. Ta...);;;;Honra, glória, força e poder;;No meio dos louvores do Seu povo;;Ah, como espero o dia;;;;;;Eis-me aqui;;;;Abre os meus olhos, Senhor
;;;;;;;;;;;;;;;;;;;;A recompensa do Teu sacrifício;;;;Nós preparamos a mesa;;;;Perdoados;;;;;;;;;;;;;;;;Ao ouvir Teu santo nome;;;;;;Instrumental;;Mas ressuscitou, Digno é o Senhor;;;;Oh, ooh, ooh, ooh;;Aleluia, aleluia;;Pra sempre ele vive;;;;;;(Tempo 4 - Ta Ta Ta Ta) (Pam Pam Pam);;Instrumental;;;;;;;;Quem não louvará?;;Mas a fechada é Você;;;;;;;;Em que verei a face do meu amado;;;;;;Com os braços bem abertos;;;;Mostra quem Tu és e enche o meu coração
;;;;;;;;;;;;[Pausa];;;;;;;;A recompensa do Teu sacrifício;;;;Tome o lugar de honra;;;;Na Cruz nós fomos;;;;;;[Pausa];;[Pausa];;;;;;;;Jesus, todos Te louvam;;;;;;Instrumental;;;;;;[Caixa] (ta.. ta.. ta...);;Aleluia, aleluia;;Ressuscitou, ressuscitou;;;;;;És fiel e pra sempre, teu povo sustenta;;;;;;;;;;Quem não temerá o Rei?;;É tudo sobre Você;;;;[Surdo + Ride] (Bu... .TuBu... Tu.. Bu... TaTaTaTaTa...);;[Ride] (Ta.. Ti.. Ta.. Ti.. Ta.. Ti.. Ta.. Ti..);;Ah, como espero o dia;;;;;;Criador, Redentor;;;;Do amor que faz mudar o mundo
;;;;;;;;;;;;;;;;;;;;;;;;;;;;Resgatados;;;;;;Santo de Israel;;Que se abram os céus;;;;;;;;;;;;;;;;;;;;Oh, ooh, ooh, ooh;;Aleluia, aleluia;;;;;;;;E então o mundo inteiro verá;;[Surdo] (Tu.. .Tu.. .Tu.. Bu.. TaTa.. TuTu(Tu));;;;;;;;;;Eu também vou subir;;;;Honra, glória, força e poder;;No meio dos louvores do Seu povo;;Em que a alegria enfim será completa;;;;;;Tu és o eterno Deus;;;;
;;;;;;;;;;;;;;;;;;;;[Surdo] (Tu... .Tu.. .Tu.. TuTuTuTuTuTuTa...);;;;[HIHat] (TuTu... Ta... TuTu... Ta...);;;;Jesus venceu por nós;;;;;;Messias prometido;;O Teu reino vem;;;;;;;;;;;;;;[Pausa];;;;;;[Caixa] (Acrescenta bumbo);;Aleluia, aleluia;;[Ride] (Tu.. Tu.. Ta...);;;;;;O poder do grande Rei;;Tudo o que tem, Fôlego;;;;;;;;[Surdo + Ride] (Tu.. .Tu.. ... TuTa...);;;;;;Honra, glória, força e poder;;[Crescente];;;;;;;;Tu és o eterno Deus;;;;[Ride] (Tu.. Tu.. Ta... TaTu.. TaTu.. Ta...)
;;;;;;;;;;;;;;;;;;;;Tudo que tenho, terás;;;;Nós arrumamos a casa;;;;Jesus venceu por nós;;;;;;Príncipe da paz;;Nossa fé está no nosso Deus;;;;;;;;;;;;;;;;;;;;Oh, ooh, ooh, ooh;;[Pausa];;Pra sempre exaltado é;;;;;;;;Louve ao Senhor;;;;;;;;Veja os tronos de outros reis;;[Ride] (Tu... TaTu.. .TaTu... TuTu.. Ta...);;;;;;No meio dos louvores do Seu povo;;[Crescente];;;;;;;;;;Santo
;;;;;;;;;;;;;;;;;;;;Tudo que sou, Tu terás;;;;Perfumamos ela toda;;;;;;;;;;Rei dos reis;;;;;;;;;;;;;;;;;;;;;;[Caixa] (Acrescenta pratos);;;;Pra sempre adorado é;;;;;;[Tribal] (Tu.. Tu.. Ta.. Tu... TuTu.. Ta...);;Louve ao Senhor;;;;;;;;Dobrados ao chão;;Eu vou subir o monte;;;;[Crescente];;;;Ah, como espero o dia;;;;;;[Ride] (TuTuTuTa... TuTa...);;;;És incomparável
;;;;;;;;;;;;;;;;;;;;A recompensa do Teu sacrifício;;;;Nós preparamos a mesa;;;;[Pausa];;;;;;Rei dos reis;;[Surdo] (Tu.. .Tu..);;;;;;;;;;;;;;;;;;;;Oh, ooh, ooh, ooh;;[Pausa];;Pra sempre ele vive;;;;;;Tu és a luz que brilha sobre a escuridão;;;;;;;;;;Até o meu coração se deu;;Que muitos desistiram;;;;Honra, glória, força e poder;;[Pausa];;Em que verei a face do meu amado;;;;;;Eis-me aqui;;;;És inigualável
;;;;;;;;;;;;;;;;;;;;;;;;Tome o lugar de honra;;;;Perdoados;;;;;;;;Que se abram os céus;;;;;;;;;;;;;;;;;;;;;;Então vou levantar;;Ressuscitou, ressuscitou;;;;;;Tu és a paz que acalma todo coração;;[Surdo] (Tu.. .Tu.. .Tu.. Bu.. TaTa.. TuTu(Tu));;;;;;;;;;E vou ficar lá;;;;Honra, glória, força e poder;;;;Ah, como espero o dia;;;;;;Com os braços bem abertos;;;;Abre os meus olhos, Senhor
;;;;;;;;;;;;;;;;;;;;[Tribal] (Tu.. Tu.. Ta... .Tu.. .Tu.. Ta...);;;;;;;;Na Cruz nós fomos;;;;;;[Surdo + Ride Expontâneo];;O Teu reino vem;;;;;;;;;;;;;;;;;;;;[Crescente];;As minhas mãos e louvar;;;;;;;;És o pão do faminto, a força do aflito;;Tudo o que tem, Fôlego;;;;;;;;[Surdo + Ride] (Tu.. .Tu... Ta... .Tu.. TuTuTu... Ta...);;Até Te encontrar;;;;;;;;Em que a alegria enfim será completa;;;;;;Criador, Redentor;;;;Mostra quem Tu és e enche o meu coração
;;;;;;;;;;;;;;;;;;;;Não há amor igual, Jesus, Tu és real;;;;[HIHat] (TuTu... Ta... TuTu... Ta...);;;;Resgatados;;;;;;Santo de Israel;;Nossa fé está no nosso Deus;;;;;;;;;;;;;;;;;;;;Ei, meu coração, não se envergonhe;;Pois tudo o que tenho é um;;[Pausa];;;;;;E nós somos teus pés e tuas mãos;;Louve ao Senhor;;;;;;;;Eita, tudo se rendeu;;;;;;[Ride] (Tu.. Tu.. Ta... Tu.. Ta.. Tu... Ta...) (Expontaneo);;;;;;;;;;Tu és o eterno Deus;;;;Do amor que faz mudar o mundo
;;;;;;;;;;;;;;;;;;;;[Ride] (Tu.. Tu.. Ta...);;;;Nós arrumamos a casa;;;;Jesus venceu por nós;;;;;;Messias prometido;;;;;;;;;;;;;;;;;;;;;;Cante essa canção;;Aleluia, aleluia;;;;;;;;[Crescente];;Louve ao Senhor;;;;;;;;Quem não louvará?;;[Ride] (Tu... TaTu.. .TaTu... TuTu.. Ta...);;;;Santo, és incomparável;;;;[Pausa];;;;;;Tu és o eterno Deus;;;;
;;;;;;;;;;;;;;;;;;;;És o meu amigo fiel;;;;Perfumamos ela toda;;;;Jesus venceu por nós;;;;;;Príncipe da paz;;[Surdo] (Tu.. .Tu.. Tu.. .Tu.. Ta...);;;;;;;;;;;;;;;;;;;;Pois sei que há fôlego nesses pulmões;;;;;;;;;;;;;;;;;;;;Quem não temerá o Rei?;;Eu vou entrar na casa;;;;Não há outro como Tu;;;;Maravilhoso;;;;;;;;;;[HiHat Two Hands] (Tu Tu Ta Tu .Ta Tu Ta Ta)
;;;;;;;;;;;;;;;;;;;;Maravilhoso amor, sim, Jesus me salvou;;;;Nós preparamos a mesa;;;;;;;;;;Rei dos reis;;Que se abram os céus;;;;;;;;;;;;;;;;;;;;Vamos, louve ao Senhor;;[Pausa];;;;;;;;[Ride] (Tu.. Tu.. Ta.. Tu... TuTu.. Ta...);;[Surdo] (Tu.. .Tu.. .Tu.. Bu.. TaTa.. TuTu(Tu));;;;;;;;;;E vou fazer morada;;;;Reinas sobre a terra e céu;;;;Admirável;;;;;;[Pausa];;;;Instrumental]
;;;;;;;;;;;;;;;;;;;;És o sacrifício perfeito;;;;Tome o lugar de honra;;;;[Surdo + Ride] ;;;;;;Rei dos reis;;O Teu reino vem;;;;;;;;;;;;;;;;;;;;;;Sei que é simples pra um Rei;;;;;;;;Tua verdade sempre permanecerá;;Tudo o que tem, Fôlego;;;;;;;;[Surdo + Ride]  (Bu... Bu... BuTuTu.. Ta...);;E vou ficar lá;;;;Pra sempre, pra sempre;;;;Tão sublime;;;;;;Eis-me aqui;;;;
;;;;;;;;;;;;;;;;;;;;;;;;;;;;Onde está ó morte;;;;;;;;Nossa fé está no nosso Deus;;;;;;;;;;;;;;;;;;;;[Crescente];;Mas não tenho nada além;;;;;;;;Do teu amor quem poderá nos separar;;Louve ao Senhor;;;;;;;;Importa que Ele cresça;;Até Te encontrar;;;;;;;;Glorioso;;;;;;Com os braços bem abertos;;;;[HiHat Two Hands] (Tu Tu Ta Tu .Ta Tu Ta Ta)
;;;;;;;;;;;;;;;;;;;;[Ride] (Tu.. Tu.. Ta...);;;;[Ride] (TuTu... Ta... TuTu... Ta...);;;;A tua vitória;;;;;;[Surdo + Ride Expontâneo];;;;;;;;;;;;;;;;;;;;;;Ei, meu coração, não se envergonhe;;De um coração cantando;;;;;;;;És fiel e pra sempre, teu povo sustenta;;Louve ao Senhor;;;;;;;;Maior que toda sombra que a gente projetou;;;;;;[Ride] (Tu.. Tu.. Ta... Tu.. Ta.. Tu... Ta...) (Expontaneo);;;;Tua presença ;;;;;;Criador, Redentor;;;;Eu vou construir minha vida em Ti
;;;;;;;;;;;;;;;;;;;;És o sacrifício perfeito;;;;(Reconhecemos quem Tu és);;;;Onde está ó morte;;;;;;Santo de Israel;;[Crescente];;;;;;;;;;;;;;;;;;;;Cante essa canção;;Aleluia, aleluia;;;;;;;;E então o mundo inteiro verá;;;;;;;;;;[Crescente];;[Ride] (Tu... TaTu.. .TaTu... TuTu.. Ta...);;;;Santo, és incomparável;;;;É mais desejável;;;;;;Tu és o eterno Deus;;;;Tu és meu fundamento
;;;;;;;;;;;;;;;;;;;;És o sacrifício perfeito;;;;Tome o lugar de honra;;;;Nosso Rei venceu!;;;;;;Messias prometido;;Que se abram os céus;;;;;;;;;;;;;;;;;;;;Pois sei que há fôlego nesses pulmões;;;;;;;;;;O poder do grande Rei;;[Surdo] (Tu.. .Tu.. .Tu.. Bu.. TaTa.. TuTu(Tu));;;;;;;;Importa que Ele seja;;Eu vou subir o monte;;;;Não há outro como Tu;;;;Do que o ouro;;;;;;Tu és o eterno Deus;;;;Eu vou confiar somente em Ti
;;;;;;;;;;;;;;;;;;;;;;;;(Reconhecemos quem Tu és);;;;;;;;;;Príncipe da paz;;O Teu reino vem;;;;;;;;;;;;;;;;;;;;Vamos, louve ao Senhor;;;;;;;;;;[Pausa];;Tudo o que tem, Fôlego;;;;;;;;O único Senhor;;Que muitos desistiram;;;;Reinas sobre a terra e céu;;;;Melhor que a vida é o Teu amor;;;;;;;;;;Não vou ser abalado
;;;;;;;;;;;;;;;;;;;;[Pausa];;;;Tome o lugar de honra;;;;[Crescente] ;;;;;;Rei dos reis;;Nossa fé está no nosso Deus;;;;;;;;;;;;;;;;;;;;;;;;;;;;;;;;Louve ao Senhor;;;;;;;;;;E vou ficar lá;;;;Pra sempre;;;;;;;;;;[Pausa];;;;[Pausa]
;;;;;;;;;;;;;;;;;;;;;;;;;;;;Onde está ó morte;;;;;;Rei dos reis;;[Pausa e volta];;;;;;;;;;;;;;;;;;;;[Ride] (tu... ta... .tu.. .tu.. ta...);;;;;;;;;;;;Louve ao Senhor;;;;;;;;[Ride] (Tu... ... Ta... ... Tu... ... Ta... ...);;Até Te encontrar;;;;;;;;[Pausa];;;;;;Eis-me aqui;;;;
;;;;;;;;;;;;;;;;;;;;;;;;[Ride] (TuTu... Ta... TuTu... Ta...);;;;A tua vitória;;;;;;[Crescente];;;;;;;;;;;;;;;;;;;;;;Oh, ooh, ooh, ooh;;;;;;;;;;;;[Pausa];;;;;;;;Importa que Ele cresça;;;;;;[Crescente];;;;Maravilhoso;;;;;;Com os braços bem abertos;;;;
;;;;;;;;;;;;;;;;;;;;;;;;(Reconhecemos quem Tu és);;;;Onde está ó morte;;;;;;;;[Ride + Bumbo] (Tu... .Ta.. Ta.. Ta.. ...);;;;;;;;;;;;;;;;;;;;Oh, ooh, ooh, ooh;;;;;;;;;;;;;;;;;;;;Maior que toda sombra que a gente projetou;;[Ride] (Tu... TaTu.. .TaTu... TuTu.. Ta...);;;;Santo, és incomparável;;;;Admirável;;;;;;Criador, Redentor;;;;
;;;;;;;;;;;;;;;;;;;;;;;;Tome o lugar de honra;;;;Nosso Rei venceu!;;;;;;[Ride Expontâneo];;Que os céus fechados se abram;;;;;;;;;;;;;;;;;;;;;;;;;;;;;;;;;;;;;;;;[Crescente];;Eu vou entrar na casa;;;;Não há outro como Tu;;;;Tão sublime;;;;;;Tu és o eterno Deus;;;;
;;;;;;;;;;;;;;;;;;;;;;;;(Reconhecemos quem Tu és);;;;;;;;;;Santo de Israel;;Teu reino venha mover;;;;;;;;;;;;;;;;;;;;[Pausa];;;;;;;;;;;;;;;;;;;;Importa que Ele seja;;E vou fazer morada;;;;Reinas sobre a terra e céu;;;;Glorioso;;;;;;Tu és o eterno Deus;;;;
;;;;;;;;;;;;;;;;;;;;;;;;Tome o lugar de honra;;;;[Ride] (Tu.. Tu.. Ta...) (Bem Forte);;;;;;Messias prometido;;A nossa fé e esperança;;;;;;;;;;;;;;;;;;;;Então vou levantar;;;;;;;;;;;;;;;;;;;;O único Senhor;;E vou ficar lá;;;;Pra sempre, pra sempre;;;;Tua presença;;;;;;;;;;
;;;;;;;;;;;;;;;;;;;;;;;;;;;;Onde está ó morte;;;;;;Príncipe da paz;;Estão em Deus, grande Deus;;;;;;;;;;;;;;;;;;;;As minhas mãos e louvar;;;;;;;;;;;;;;;;;;;;;;Até Te encontrar;;;;;;;;É mais desejável;;;;;;;;;;
;;;;;;;;;;;;;;;;;;;;;;;;[Ride] (TuTu... Ta... TuTu... Ta...);;;;A tua vitória;;;;;;Rei dos reis;;;;;;;;;;;;;;;;;;;;;;Pois tudo o que tenho é um;;;;;;;;;;;;;;;;;;;;[Ride] (Tu... Ta... Tu... .TuTa...);;;;;;[Pratos];;;;Do que o ouro;;;;;;;;;;
;;;;;;;;;;;;;;;;;;;;;;;;(Reconhecemos quem Tu és);;;;Onde está ó morte;;;;;;Rei dos reis;;[Ride + Bumbo] (Tu... .Ta.. Ta.. Ta.. ...);;;;;;;;;;;;;;;;;;;;Aleluia, aleluia;;;;;;;;;;;;;;;;;;;;Veja os tronos de outros reis;;[Surdo + Ride] (Bu... .TuBu.. Tu.. Bu... Ta...);;;;Santo, és incomparável;;;;Melhor que a vida é o Teu amor;;;;;;;;;;
;;;;;;;;;;;;;;;;;;;;;;;;Tome o lugar de honra;;;;Nosso Rei venceu!;;;;;;;;Que os céus fechados se abram;;;;;;;;;;;;;;;;;;;;;;;;;;;;;;;;;;;;;;;;Dobrados ao chão;;Mais perto do monte;;;;Não há outro como Tu;;;;;;;;;;;;;;
;;;;;;;;;;;;;;;;;;;;;;;;(Reconhecemos quem Tu és);;;;;;;;;;[Ride Expontâneo];;Teu reino venha mover;;;;;;;;;;;;;;;;;;;;[Pausa];;;;;;;;;;;;;;;;;;;;Até o meu coração se deu;;Mais perto da face;;;;Reinas sobre a terra e céu;;;;;;;;;;;;;;
;;;;;;;;;;;;;;;;;;;;;;;;Tome o lugar de honra;;;;[Ride] (Tu.. Tu.. Ta...) (Bem Forte);;;;;;Santo de Israel;;A nossa fé e esperança;;;;;;;;;;;;;;;;;;;;Sei que é simples pra um Rei;;;;;;;;;;;;;;;;;;;;;;Me espanto com o peso da Tua glória;;;;Pra sempre;;;;;;;;;;;;;;
;;;;;;;;;;;;;;;;;;;;;;;;;;;;Onde está ó morte;;;;;;Messias prometido;;Estão em Deus, grande Deus;;;;;;;;;;;;;;;;;;;;Mas não tenho nada além;;;;;;;;;;;;;;;;;;;;[Ride] (Tu... Ta... Tu... .TuTa...);;;;;;[Crescente];;;;;;;;;;;;;;
;;;;;;;;;;;;;;;;;;;;;;;;[Ride] (TuTu... Ta... TuTu... Ta...);;;;A tua vitória;;;;;;Príncipe da paz;;;;;;;;;;;;;;;;;;;;;;De um coração cantando;;;;;;;;;;;;;;;;;;;;Eita, tudo se rendeu;;[Surdo + Ride] (Bu... .TuBu.. Tu.. Bu... Ta...) (Dobra);;;;;;;;;;;;;;;;;;
;;;;;;;;;;;;;;;;;;;;;;;;(Reconhecemos quem Tu és);;;;Onde está ó morte;;;;;;Rei dos reis;;[Ride] (Ta Tu Tu Ta Tu Tu Ta Tu);;;;;;;;;;;;;;;;;;;;Aleluia, aleluia;;;;;;;;;;;;;;;;;;;;Quem não louvará?;;Mais perto da glória;;;;[Pausa];;;;;;;;;;;;;;
;;;;;;;;;;;;;;;;;;;;;;;;Tome o lugar de honra;;;;Nosso Rei venceu!;;;;;;Rei dos reis;;Que os céus fechados se abram;;;;;;;;;;;;;;;;;;;;;;;;;;;;;;;;;;;;;;;;Quem não temerá o Rei?;;É mais perto da morte;;;;;;;;;;;;;;;;;;
;;;;;;;;;;;;;;;;;;;;;;;;(Reconhecemos quem Tu és);;;;;;;;;;;;Teu reino venha mover;;;;;;;;;;;;;;;;;;;;;;;;;;;;;;;;;;;;;;;;;;O medo quer me parar;;;;;;;;;;;;;;;;;;
;;;;;;;;;;;;;;;;;;;;;;;;Tome o lugar de honra;;;;[Pausa];;;;;;[Ride] (Tu.. Tu.. Ta... .TuTu... Ta...);;A nossa fé e esperança;;;;;;;;;;;;;;;;;;;;;;;;;;;;;;;;;;;;;;;;[Ride] (Tu... Ta... Tu... .TuTa...);;Então me tira o medo;;;;;;;;;;;;;;;;;;
;;;;;;;;;;;;;;;;;;;;;;;;;;;;;;;;;;Santo de Israel;;Estão em Deus, grande Deus;;;;;;;;;;;;;;;;;;;;;;;;;;;;;;;;;;;;;;;;Veja os tronos de outros reis;;[Pausa];;;;;;;;;;;;;;;;;;
;;;;;;;;;;;;;;;;;;;;;;;;[Pausa];;;;;;;;;;Messias prometido;;;;;;;;;;;;;;;;;;;;;;;;;;;;;;;;;;;;;;;;;;Dobrados ao chão;;;;;;;;;;;;;;;;;;;;
;;;;;;;;;;;;;;;;;;;;;;;;;;;;;;;;;;Príncipe da paz;;[Ride] (Ta Tu Tu Ta Tu Tu Ta Tu);;;;;;;;;;;;;;;;;;;;;;;;;;;;;;;;;;;;;;;;Até o meu coração se deu;;[Pausa];;;;;;;;;;;;;;;;;;
;;;;;;;;;;;;;;;;;;;;;;;;;;;;;;;;;;Rei dos reis;;Que os céus fechados se abram;;;;;;;;;;;;;;;;;;;;;;;;;;;;;;;;;;;;;;;;;;Que me faz dizer;;;;;;;;;;;;;;;;;;
;;;;;;;;;;;;;;;;;;;;;;;;;;;;;;;;;;Rei dos reis;;Teu reino venha mover;;;;;;;;;;;;;;;;;;;;;;;;;;;;;;;;;;;;;;;;[Ride] (Tu... Ta... Tu... .TuTa...);;Moisés, suba em meu lugar (Pam 2x) (Pam Contra);;;;;;;;;;;;;;;;;;
;;;;;;;;;;;;;;;;;;;;;;;;;;;;;;;;;;;;A nossa fé e esperança;;;;;;;;;;;;;;;;;;;;;;;;;;;;;;;;;;;;;;;;Eita, tudo se rendeu;;Me faz entender (Ta 6x);;;;;;;;;;;;;;;;;;
;;;;;;;;;;;;;;;;;;;;;;;;;;;;;;;;;;[Ride] (Tu.. Tu.. Ta... .TuTu... Ta...);;Estão em Deus, grande Deus;;;;;;;;;;;;;;;;;;;;;;;;;;;;;;;;;;;;;;;;[Pausa];;;;;;;;;;;;;;;;;;;;
;;;;;;;;;;;;;;;;;;;;;;;;;;;;;;;;;;Santo de Israel;;;;;;;;;;;;;;;;;;;;;;;;;;;;;;;;;;;;;;;;;;Quem não louvará?;;[Ride] (Tu... Ta... Tu.. .Tu.. Ta...);;;;;;;;;;;;;;;;;;
;;;;;;;;;;;;;;;;;;;;;;;;;;;;;;;;;;Messias prometido;;[Ride] (Ta Tu Tu Ta Tu Tu Ta Tu);;;;;;;;;;;;;;;;;;;;;;;;;;;;;;;;;;;;;;;;Quem não temerá o Rei?;;Que a tempestade é Você (Tu.. Tu.. Ta...);;;;;;;;;;;;;;;;;;
;;;;;;;;;;;;;;;;;;;;;;;;;;;;;;;;;;Príncipe da paz;;Instrumental;;;;;;;;;;;;;;;;;;;;;;;;;;;;;;;;;;;;;;;;[Pausa];;Chuva forte é Você;;;;;;;;;;;;;;;;;;
;;;;;;;;;;;;;;;;;;;;;;;;;;;;;;;;;;Rei dos reis;;[Ride] (Tu Ta Tu Tu Ta Tu Ta Tu);;;;;;;;;;;;;;;;;;;;;;;;;;;;;;;;;;;;;;;;;;Vento forte é Você;;;;;;;;;;;;;;;;;;
;;;;;;;;;;;;;;;;;;;;;;;;;;;;;;;;;;Rei dos reis;;Instrumental;;;;;;;;;;;;;;;;;;;;;;;;;;;;;;;;;;;;;;;;;;E o que me faz tremer as pernas;;;;;;;;;;;;;;;;;;
;;;;;;;;;;;;;;;;;;;;;;;;;;;;;;;;;;;;;;;;;;;;;;;;;;;;;;;;;;;;;;;;;;;;;;;;;;;;;;A porta aberta é Você (Tu.. Tu.. Tu.. Ta...);;;;;;;;;;;;;;;;;;
;;;;;;;;;;;;;;;;;;;;;;;;;;;;;;;;;;[Pratos + Surdo];;[Pausa];;;;;;;;;;;;;;;;;;;;;;;;;;;;;;;;;;;;;;;;;;Mas a fechada é Você;;;;;;;;;;;;;;;;;;
;;;;;;;;;;;;;;;;;;;;;;;;;;;;;;;;;;Rei de reis, Hosana;;;;;;;;;;;;;;;;;;;;;;;;;;;;;;;;;;;;;;;;;;;;É tudo sobre Você;;;;;;;;;;;;;;;;;;
;;;;;;;;;;;;;;;;;;;;;;;;;;;;;;;;;;Nas alturas, o mais alto;;;;;;;;;;;;;;;;;;;;;;;;;;;;;;;;;;;;;;;;;;;;Eu também vou subir;;;;;;;;;;;;;;;;;;
;;;;;;;;;;;;;;;;;;;;;;;;;;;;;;;;;;Cordeiro, Leão;;;;;;;;;;;;;;;;;;;;;;;;;;;;;;;;;;;;;;;;;;;;;;;;;;;;;;;;;;;;;;
;;;;;;;;;;;;;;;;;;;;;;;;;;;;;;;;;;Seus olhos;;;;;;;;;;;;;;;;;;;;;;;;;;;;;;;;;;;;;;;;;;;;[Ride] (Tu... Ta... Tu.. .Tu.. Ta...);;;;;;;;;;;;;;;;;;
;;;;;;;;;;;;;;;;;;;;;;;;;;;;;;;;;;[Pausa no 'Que'];;;;;;;;;;;;;;;;;;;;;;;;;;;;;;;;;;;;;;;;;;;;Que a tempestade é Você (Tu.. Tu.. Ta...);;;;;;;;;;;;;;;;;;
;;;;;;;;;;;;;;;;;;;;;;;;;;;;;;;;;;Queimam como fogo;;;;;;;;;;;;;;;;;;;;;;;;;;;;;;;;;;;;;;;;;;;;Chuva forte é Você;;;;;;;;;;;;;;;;;;
;;;;;;;;;;;;;;;;;;;;;;;;;;;;;;;;;;Queimam como fogo;;;;;;;;;;;;;;;;;;;;;;;;;;;;;;;;;;;;;;;;;;;;Vento forte é Você;;;;;;;;;;;;;;;;;;
;;;;;;;;;;;;;;;;;;;;;;;;;;;;;;;;;;;;;;;;;;;;;;;;;;;;;;;;;;;;;;;;;;;;;;;;;;;;;;E o que me faz tremer as pernas;;;;;;;;;;;;;;;;;;
;;;;;;;;;;;;;;;;;;;;;;;;;;;;;;;;;;[Ride Expontâneo];;;;;;;;;;;;;;;;;;;;;;;;;;;;;;;;;;;;;;;;;;;;A porta aberta é Você (Tu.. Tu.. Ta...);;;;;;;;;;;;;;;;;;
;;;;;;;;;;;;;;;;;;;;;;;;;;;;;;;;;;Rei de reis, Hosana;;;;;;;;;;;;;;;;;;;;;;;;;;;;;;;;;;;;;;;;;;;;Mas a fechada é Você;;;;;;;;;;;;;;;;;;
;;;;;;;;;;;;;;;;;;;;;;;;;;;;;;;;;;Nas alturas, o mais alto;;;;;;;;;;;;;;;;;;;;;;;;;;;;;;;;;;;;;;;;;;;;É tudo sobre Você;;;;;;;;;;;;;;;;;;
;;;;;;;;;;;;;;;;;;;;;;;;;;;;;;;;;;Cordeiro, Leão;;;;;;;;;;;;;;;;;;;;;;;;;;;;;;;;;;;;;;;;;;;;Eu também vou subir;;;;;;;;;;;;;;;;;;
;;;;;;;;;;;;;;;;;;;;;;;;;;;;;;;;;;Seus olhos;;;;;;;;;;;;;;;;;;;;;;;;;;;;;;;;;;;;;;;;;;;;;;;;;;;;;;;;;;;;;;
;;;;;;;;;;;;;;;;;;;;;;;;;;;;;;;;;;Queimam como fogo;;;;;;;;;;;;;;;;;;;;;;;;;;;;;;;;;;;;;;;;;;;;[Ride] (Tu.. Tu.. Ta...);;;;;;;;;;;;;;;;;;
;;;;;;;;;;;;;;;;;;;;;;;;;;;;;;;;;;Queimam como fogo;;;;;;;;;;;;;;;;;;;;;;;;;;;;;;;;;;;;;;;;;;;;Instrumental;;;;;;;;;;;;;;;;;;
;;;;;;;;;;;;;;;;;;;;;;;;;;;;;;;;;;;;;;;;;;;;;;;;;;;;;;;;;;;;;;;;;;;;;;;;;;;;;;Instrumental;;;;;;;;;;;;;;;;;;
;;;;;;;;;;;;;;;;;;;;;;;;;;;;;;;;;;[Ride] (Tu.. Tu.. Ta... .TuTu... Ta...);;;;;;;;;;;;;;;;;;;;;;;;;;;;;;;;;;;;;;;;;;;; [Pausa];;;;;;;;;;;;;;;;;;
;;;;;;;;;;;;;;;;;;;;;;;;;;;;;;;;;;Rei de reis, Hosana;;;;;;;;;;;;;;;;;;;;;;;;;;;;;;;;;;;;;;;;;;;;;;;;;;;;;;;;;;;;;;
;;;;;;;;;;;;;;;;;;;;;;;;;;;;;;;;;;Nas alturas, o mais alto;;;;;;;;;;;;;;;;;;;;;;;;;;;;;;;;;;;;;;;;;;;;;;;;;;;;;;;;;;;;;;
;;;;;;;;;;;;;;;;;;;;;;;;;;;;;;;;;;Cordeiro, Leão;;;;;;;;;;;;;;;;;;;;;;;;;;;;;;;;;;;;;;;;;;;;;;;;;;;;;;;;;;;;;;
;;;;;;;;;;;;;;;;;;;;;;;;;;;;;;;;;;Seus olhos;;;;;;;;;;;;;;;;;;;;;;;;;;;;;;;;;;;;;;;;;;;;;;;;;;;;;;;;;;;;;;
;;;;;;;;;;;;;;;;;;;;;;;;;;;;;;;;;;Queimam como fogo;;;;;;;;;;;;;;;;;;;;;;;;;;;;;;;;;;;;;;;;;;;;;;;;;;;;;;;;;;;;;;
;;;;;;;;;;;;;;;;;;;;;;;;;;;;;;;;;;Queimam como fogo;;;;;;;;;;;;;;;;;;;;;;;;;;;;;;;;;;;;;;;;;;;;;;;;;;;;;;;;;;;;;;
;;;;;;;;;;;;;;;;;;;;;;;;;;;;;;;;;;;;;;;;;;;;;;;;;;;;;;;;;;;;;;;;;;;;;;;;;;;;;;;;;;;;;;;;;;;;;;;;
;;;;;;;;;;;;;;;;;;;;;;;;;;;;;;;;;;[Pausa];;;;;;;;;;;;;;;;;;;;;;;;;;;;;;;;;;;;;;;;;;;;;;;;;;;;;;;;;;;;;;
;;;;;;;;;;;;;;;;;;;;;;;;;;;;;;;;;;Rei de reis, Hosana;;;;;;;;;;;;;;;;;;;;;;;;;;;;;;;;;;;;;;;;;;;;;;;;;;;;;;;;;;;;;;
;;;;;;;;;;;;;;;;;;;;;;;;;;;;;;;;;;Nas alturas, o mais alto;;;;;;;;;;;;;;;;;;;;;;;;;;;;;;;;;;;;;;;;;;;;;;;;;;;;;;;;;;;;;;
;;;;;;;;;;;;;;;;;;;;;;;;;;;;;;;;;;Cordeiro, Leão;;;;;;;;;;;;;;;;;;;;;;;;;;;;;;;;;;;;;;;;;;;;;;;;;;;;;;;;;;;;;;
;;;;;;;;;;;;;;;;;;;;;;;;;;;;;;;;;;Seus olhos;;;;;;;;;;;;;;;;;;;;;;;;;;;;;;;;;;;;;;;;;;;;;;;;;;;;;;;;;;;;;;
;;;;;;;;;;;;;;;;;;;;;;;;;;;;;;;;;;Queimam como fogo;;;;;;;;;;;;;;;;;;;;;;;;;;;;;;;;;;;;;;;;;;;;;;;;;;;;;;;;;;;;;;
;;;;;;;;;;;;;;;;;;;;;;;;;;;;;;;;;;Queimam como fogo;;;;;;;;;;;;;;;;;;;;;;;;;;;;;;;;;;;;;;;;;;;;;;;;;;;;;;;;;;;;;;
